mall_id,mall_name,manage_group,unit_type,address,province,city,district,latitude,longitude,mall_area,floor_count,open_date,operation_status,city_rank_name,position_text,score_area,score_consume,score_market,score_operation,score_pop,embedding_text,customer_profile_json,profile_text,brand_count,brand_data_json,服装_brand_count,服装_density,餐饮_brand_count,餐饮_density,娱乐服务_brand_count,娱乐服务_density,珠宝_brand_count,珠宝_density,护肤化妆品_brand_count,护肤化妆品_density,运动_brand_count,运动_density,traffic_daily,avg_daily_sales
SYN0001,上海星澜天地,示例商业集团,购物中心,徐汇区云锦路88号,上海,上海,徐汇区,31.182,121.452,85000,6,2021-06-18,运营中,一线,位置特征：徐汇滨江核心，人工智能集聚区。目标客群：科技工作者、高端消费者、年轻白领。商业配套：科技艺术主题，智能体验业态。消费能力：高消费能力，客单价250-400元，周边房价12-14万/㎡。综合评价：科技艺术商业地标，定位独特,93,95,91,86,76,"上海星澜天地，上海城区。位置特征：徐汇滨江核心，人工智能集聚区。目标客群：科技工作者、高端消费者、年轻白领。商业配套：科技艺术主题，智能体验业态。消费能力：高消费能力，客单价250-400元，周边房价12-14万/㎡。综合评价：科技艺术商业地标，定位独特。客群画像：APP偏好大类：社交(100%), 系统(99%), 工具(98%)；age：25-30(45%), 0-17(34%), 18-24(23%)；consume：高(45%), 次高(34%), 中(23%)；residence：2000-5000米(35%), 0-2000米(28%), 5000-10000米(20%)；workplace：0-500米(40%), 2000-5000米(18%), 5000-10000米(12%)；关键词：白领、高消费、科技","{""consume|高"": {""ratio"": 0.45, ""tgi"": 165}, ""consume|次高"": {""ratio"": 0.34, ""tgi"": 125}, ""consume|中"": {""ratio"": 0.23, ""tgi"": 85}, ""consume|次低"": {""ratio"": 0.12, ""tgi"": 45}, ""consume|低"": {""ratio"": 0.03, ""tgi"": 45}, ""age|25-30"": {""ratio"": 0.45, ""tgi"": 165}, ""age|0-17"": {""ratio"": 0.34, ""tgi"": 125}, ""age|18-24"": {""ratio"": 0.23, ""tgi"": 85}, ""age|31-35"": {""ratio"": 0.12, ""tgi"": 45}, ""age|36-40"": {""ratio"": 0.03, ""tgi"": 45}, ""age|41-45"": {""ratio"": 0.03, ""tgi"": 45}, ""age|46-60"": {""ratio"": 0.03, ""tgi"": 45}, ""age|61以上"": {""ratio"": 0.03, ""tgi"": 45}, ""子女年龄|无子女"": {""ratio"": 0.5, ""tgi"": 130}, ""是否有车|是"": {""ratio"": 0.55, ""tgi"": 120}, ""居住社区房价|80000-99999"": {""ratio"": 0.45, ""tgi"": 165}, ""居住社区房价|>100000"": {""ratio"": 0.34, ""tgi"": 125}, ""居住社区房价|60000-79999"": {""ratio"": 0.23, ""tgi"": 85}, ""居住社区房价|40000-59999"": {""ratio"": 0.12, ""tgi"": 45}, ""居住社区房价|20000-39999"": {""ratio"": 0.03, ""tgi"": 45}, ""居住社区房价|<20000"": {""ratio"": 0.03, ""tgi"": 45}, ""手机价格|8001-9000"": {""ratio"": 0.45, ""tgi"": 165}, ""手机价格|>10000"": {""ratio"": 0.34, ""tgi"": 125}, ""手机价格|9001-10000"": {""ratio"": 0.23, ""tgi"": 85}, ""手机价格|7001-8000"": {""ratio"": 0.12, ""tgi"": 45}, ""手机价格|5001-6000"": {""ratio"": 0.03, ""tgi"": 45}, ""手机价格|<5000"": {""ratio"": 0.03, ""tgi"": 45}, ""学历|本科"": {""ratio"": 0.45, ""tgi"": 165}, ""学历|硕士"": {""ratio"": 0.34, ""tgi"": 125}, ""学历|大专"": {""ratio"": 0.23, ""tgi"": 85}, ""学历|高中及以下"": {""ratio"": 0.12, ""tgi"": 45}, ""商场到店频次|7-8次"": {""ratio"": 0.45, ""tgi"": 165}, ""商场到店频次|11次及以上"": {""ratio"": 0.34, ""tgi"": 125}, ""商场到店频次|9-10次"": {""ratio"": 0.23, ""tgi"": 85}, ""商场到店频次|4-6次"": {""ratio"": 0.12, ""tgi"": 45}, ""商场到店频次|1-3次"": {""ratio"": 0.03, ""tgi"": 45}, ""到访偏好大类|购物"": {""ratio"": 0.6, ""tgi"": 175}, ""到访偏好大类|运动健身"": {""ratio"": 0.45, ""tgi"": 155}, ""到访偏好大类|美食"": {""ratio"": 0.3, ""tgi"": 135}}","APP偏好大类：社交(100%), 系统(99%), 工具(98%)；age：25-30(45%), 0-17(34%), 18-24(23%)；consume：高(45%), 次高(34%), 中(23%)；residence：2000-5000米(35%), 0-2000米(28%), 5000-10000米(20%)；workplace：0-500米(40%), 2000-5000米(18%), 5000-10000米(12%)；关键词：白领、高消费、科技",14,"{""brand_count"": 14, ""top_brands"": [""优衣库"", ""ZARA"", ""UR"", ""星巴克"", ""喜茶"", ""Manner"", ""海底捞"", ""耐克"", ""lululemon"", ""李宁"", ""丝芙兰"", ""兰蔻"", ""威尔士健身"", ""金逸影城""], ""category_distribution"": {""服装"": 3, ""餐饮"": 4, ""运动"": 3, ""珠宝"": 0, ""护肤化妆品"": 2, ""娱乐服务"": 2}}",3,0.214,4,0.286,2,0.143,0,0.0,2,0.143,3,0.214,32000,820000
SYN0002,上海云栖里,示例商业集团,购物中心,静安区南京西路1225号,上海,上海,静安区,31.231,121.451,62000,5,2019-11-01,运营中,一线,位置特征：南京西路商圈次级位置。目标客群：都市白领、年轻消费群体。商业配套：咖啡茶饮与轻食业态密集。消费能力：中高消费，客单价180-300元。综合评价：白领咖啡社交地标,90,92,88,83,74,"上海云栖里，上海城区。位置特征：南京西路商圈次级位置。目标客群：都市白领、年轻消费群体。商业配套：咖啡茶饮与轻食业态密集。消费能力：中高消费，客单价180-300元。综合评价：白领咖啡社交地标。客群画像：APP偏好大类：社交(100%), 系统(99%), 工具(98%)；age：25-30(45%), 0-17(34%), 18-24(23%)；consume：次高(45%), 高(34%), 中(23%)；residence：2000-5000米(35%), 0-2000米(28%), 5000-10000米(20%)；workplace：0-500米(40%), 2000-5000米(18%), 5000-10000米(12%)；关键词：白领、咖啡、年轻","{""consume|次高"": {""ratio"": 0.45, ""tgi"": 165}, ""consume|高"": {""ratio"": 0.34, ""tgi"": 125}, ""consume|中"": {""ratio"": 0.23, ""tgi"": 85}, ""consume|次低"": {""ratio"": 0.12, ""tgi"": 45}, ""consume|低"": {""ratio"": 0.03, ""tgi"": 45}, ""age|25-30"": {""ratio"": 0.45, ""tgi"": 165}, ""age|0-17"": {""ratio"": 0.34, ""tgi"": 125}, ""age|18-24"": {""ratio"": 0.23, ""tgi"": 85}, ""age|31-35"": {""ratio"": 0.12, ""tgi"": 45}, ""age|36-40"": {""ratio"": 0.03, ""tgi"": 45}, ""age|41-45"": {""ratio"": 0.03, ""tgi"": 45}, ""age|46-60"": {""ratio"": 0.03, ""tgi"": 45}, ""age|61以上"": {""ratio"": 0.03, ""tgi"": 45}, ""子女年龄|无子女"": {""ratio"": 0.5, ""tgi"": 130}, ""是否有车|是"": {""ratio"": 0.55, ""tgi"": 120}, ""居住社区房价|60000-79999"": {""ratio"": 0.45, ""tgi"": 165}, ""居住社区房价|>100000"": {""ratio"": 0.34, ""tgi"": 125}, ""居住社区房价|80000-99999"": {""ratio"": 0.23, ""tgi"": 85}, ""居住社区房价|40000-59999"": {""ratio"": 0.12, ""tgi"": 45}, ""居住社区房价|20000-39999"": {""ratio"": 0.03, ""tgi"": 45}, ""居住社区房价|<20000"": {""ratio"": 0.03, ""tgi"": 45}, ""手机价格|7001-8000"": {""ratio"": 0.45, ""tgi"": 165}, ""手机价格|>10000"": {""ratio"": 0.34, ""tgi"": 125}, ""手机价格|9001-10000"": {""ratio"": 0.23, ""tgi"": 85}, ""手机价格|8001-9000"": {""ratio"": 0.12, ""tgi"": 45}, ""手机价格|5001-6000"": {""ratio"": 0.03, ""tgi"": 45}, ""手机价格|<5000"": {""ratio"": 0.03, ""tgi"": 45}, ""学历|本科"": {""ratio"": 0.45, ""tgi"": 165}, ""学历|硕士"": {""ratio"": 0.34, ""tgi"": 125}, ""学历|大专"": {""ratio"": 0.23, ""tgi"": 85}, ""学历|高中及以下"": {""ratio"": 0.12, ""tgi"": 45}, ""商场到店频次|7-8次"": {""ratio"": 0.45, ""tgi"": 165}, ""商场到店频次|11次及以上"": {""ratio"": 0.34, ""tgi"": 125}, ""商场到店频次|9-10次"": {""ratio"": 0.23, ""tgi"": 85}, ""商场到店频次|4-6次"": {""ratio"": 0.12, ""tgi"": 45}, ""商场到店频次|1-3次"": {""ratio"": 0.03, ""tgi"": 45}, ""到访偏好大类|美食"": {""ratio"": 0.6, ""tgi"": 175}, ""到访偏好大类|购物"": {""ratio"": 0.45, ""tgi"": 155}, ""到访偏好大类|娱乐休闲"": {""ratio"": 0.3, ""tgi"": 135}}","APP偏好大类：社交(100%), 系统(99%), 工具(98%)；age：25-30(45%), 0-17(34%), 18-24(23%)；consume：次高(45%), 高(34%), 中(23%)；residence：2000-5000米(35%), 0-2000米(28%), 5000-10000米(20%)；workplace：0-500米(40%), 2000-5000米(18%), 5000-10000米(12%)；关键词：白领、咖啡、年轻",12,"{""brand_count"": 12, ""top_brands"": [""星巴克"", ""瑞幸咖啡"", ""Manner"", ""喜茶"", ""蜜雪冰城"", ""太二酸菜鱼"", ""优衣库"", ""H&M"", ""阿迪达斯"", ""李宁"", ""金逸影城"", ""星聚会KTV""], ""category_distribution"": {""服装"": 2, ""餐饮"": 6, ""运动"": 2, ""珠宝"": 0, ""护肤化妆品"": 0, ""娱乐服务"": 2}}",2,0.167,6,0.5,2,0.167,0,0.0,0,0.0,2,0.167,28000,700000
SYN0003,上海浦江汇,示例商业集团,购物中心,黄浦区中山东一路500号,上海,上海,黄浦区,31.24,121.491,110000,8,2017-09-15,运营中,一线,位置特征：外滩金融集聚带，顶级商业位置。目标客群：金融精英、高净值人群、国际客群。商业配套：高端商业配套，奢侈品集群。消费能力：极高消费能力，客单价350-600元，周边房价15-20万/㎡。综合评价：顶级金融区商业，稀缺性突出,95,97,93,88,65,"上海浦江汇，上海城区。位置特征：外滩金融集聚带，顶级商业位置。目标客群：金融精英、高净值人群、国际客群。商业配套：高端商业配套，奢侈品集群。消费能力：极高消费能力，客单价350-600元，周边房价15-20万/㎡。综合评价：顶级金融区商业，稀缺性突出。客群画像：APP偏好大类：社交(100%), 系统(99%), 工具(98%)；age：31-35(45%), 0-17(34%), 18-24(23%)；consume：高(45%), 次高(34%), 中(23%)；residence：2000-5000米(35%), 0-2000米(28%), 5000-10000米(20%)；workplace：0-500米(40%), 2000-5000米(18%), 5000-10000米(12%)；关键词：高净值、金融、奢侈品","{""consume|高"": {""ratio"": 0.45, ""tgi"": 165}, ""consume|次高"": {""ratio"": 0.34, ""tgi"": 125}, ""consume|中"": {""ratio"": 0.23, ""tgi"": 85}, ""consume|次低"": {""ratio"": 0.12, ""tgi"": 45}, ""consume|低"": {""ratio"": 0.03, ""tgi"": 45}, ""age|31-35"": {""ratio"": 0.45, ""tgi"": 165}, ""age|0-17"": {""ratio"": 0.34, ""tgi"": 125}, ""age|18-24"": {""ratio"": 0.23, ""tgi"": 85}, ""age|25-30"": {""ratio"": 0.12, ""tgi"": 45}, ""age|36-40"": {""ratio"": 0.03, ""tgi"": 45}, ""age|41-45"": {""ratio"": 0.03, ""tgi"": 45}, ""age|46-60"": {""ratio"": 0.03, ""tgi"": 45}, ""age|61以上"": {""ratio"": 0.03, ""tgi"": 45}, ""子女年龄|无子女"": {""ratio"": 0.5, ""tgi"": 130}, ""是否有车|是"": {""ratio"": 0.55, ""tgi"": 120}, ""居住社区房价|>100000"": {""ratio"": 0.45, ""tgi"": 165}, ""居住社区房价|80000-99999"": {""ratio"": 0.34, ""tgi"": 125}, ""居住社区房价|60000-79999"": {""ratio"": 0.23, ""tgi"": 85}, ""居住社区房价|40000-59999"": {""ratio"": 0.12, ""tgi"": 45}, ""居住社区房价|20000-39999"": {""ratio"": 0.03, ""tgi"": 45}, ""居住社区房价|<20000"": {""ratio"": 0.03, ""tgi"": 45}, ""手机价格|>10000"": {""ratio"": 0.45, ""tgi"": 165}, ""手机价格|9001-10000"": {""ratio"": 0.34, ""tgi"": 125}, ""手机价格|8001-9000"": {""ratio"": 0.23, ""tgi"": 85}, ""手机价格|7001-8000"": {""ratio"": 0.12, ""tgi"": 45}, ""手机价格|5001-6000"": {""ratio"": 0.03, ""tgi"": 45}, ""手机价格|<5000"": {""ratio"": 0.03, ""tgi"": 45}, ""学历|硕士"": {""ratio"": 0.45, ""tgi"": 165}, ""学历|本科"": {""ratio"": 0.34, ""tgi"": 125}, ""学历|大专"": {""ratio"": 0.23, ""tgi"": 85}, ""学历|高中及以下"": {""ratio"": 0.12, ""tgi"": 45}, ""商场到店频次|4-6次"": {""ratio"": 0.45, ""tgi"": 165}, ""商场到店频次|11次及以上"": {""ratio"": 0.34, ""tgi"": 125}, ""商场到店频次|9-10次"": {""ratio"": 0.23, ""tgi"": 85}, ""商场到店频次|7-8次"": {""ratio"": 0.12, ""tgi"": 45}, ""商场到店频次|1-3次"": {""ratio"": 0.03, ""tgi"": 45}, ""到访偏好大类|购物"": {""ratio"": 0.6, ""tgi"": 175}, ""到访偏好大类|旅游景点"": {""ratio"": 0.45, ""tgi"": 155}, ""到访偏好大类|美食"": {""ratio"": 0.3, ""tgi"": 135}}","APP偏好大类：社交(100%), 系统(99%), 工具(98%)；age：31-35(45%), 0-17(34%), 18-24(23%)；consume：高(45%), 次高(34%), 中(23%)；residence：2000-5000米(35%), 0-2000米(28%), 5000-10000米(20%)；workplace：0-500米(40%), 2000-5000米(18%), 5000-10000米(12%)；关键词：高净值、金融、奢侈品",13,"{""brand_count"": 13, ""top_brands"": [""卡地亚"", ""蒂芙尼"", ""宝格丽"", ""周大福"", ""兰蔻"", ""雅诗兰黛"", ""SK-II"", ""资生堂"", ""ZARA"", ""H&M"", ""星巴克"", ""喜茶"", ""威尔士健身""], ""category_distribution"": {""服装"": 2, ""餐饮"": 2, ""运动"": 0, ""珠宝"": 4, ""护肤化妆品"": 4, ""娱乐服务"": 1}}",2,0.154,2,0.154,1,0.077,4,0.308,4,0.308,0,0.0,15000,1200000
SYN0004,上海虹桥里,示例商业集团,购物中心,长宁区虹桥路1665号,上海,上海,长宁区,31.205,121.402,70000,5,2020-05-20,运营中,一线,位置特征：虹桥枢纽辐射，交通便利。目标客群：年轻运动人群、通勤白领。商业配套：运动品牌集群，健身业态丰富。消费能力：中高消费，客单价200-350元。综合评价：运动户外聚集地,87,89,85,80,78,"上海虹桥里，上海城区。位置特征：虹桥枢纽辐射，交通便利。目标客群：年轻运动人群、通勤白领。商业配套：运动品牌集群，健身业态丰富。消费能力：中高消费，客单价200-350元。综合评价：运动户外聚集地。客群画像：APP偏好大类：社交(100%), 系统(99%), 工具(98%)；age：18-24(45%), 0-17(34%), 25-30(23%)；consume：次高(45%), 高(34%), 中(23%)；residence：2000-5000米(35%), 0-2000米(28%), 5000-10000米(20%)；workplace：0-500米(40%), 2000-5000米(18%), 5000-10000米(12%)；关键词：年轻、运动、白领","{""consume|次高"": {""ratio"": 0.45, ""tgi"": 165}, ""consume|高"": {""ratio"": 0.34, ""tgi"": 125}, ""consume|中"": {""ratio"": 0.23, ""tgi"": 85}, ""consume|次低"": {""ratio"": 0.12, ""tgi"": 45}, ""consume|低"": {""ratio"": 0.03, ""tgi"": 45}, ""age|18-24"": {""ratio"": 0.45, ""tgi"": 165}, ""age|0-17"": {""ratio"": 0.34, ""tgi"": 125}, ""age|25-30"": {""ratio"": 0.23, ""tgi"": 85}, ""age|31-35"": {""ratio"": 0.12, ""tgi"": 45}, ""age|36-40"": {""ratio"": 0.03, ""tgi"": 45}, ""age|41-45"": {""ratio"": 0.03, ""tgi"": 45}, ""age|46-60"": {""ratio"": 0.03, ""tgi"": 45}, ""age|61以上"": {""ratio"": 0.03, ""tgi"": 45}, ""子女年龄|无子女"": {""ratio"": 0.5, ""tgi"": 130}, ""是否有车|否"": {""ratio"": 0.45, ""tgi"": 120}, ""居住社区房价|60000-79999"": {""ratio"": 0.45, ""tgi"": 165}, ""居住社区房价|>100000"": {""ratio"": 0.34, ""tgi"": 125}, ""居住社区房价|80000-99999"": {""ratio"": 0.23, ""tgi"": 85}, ""居住社区房价|40000-59999"": {""ratio"": 0.12, ""tgi"": 45}, ""居住社区房价|20000-39999"": {""ratio"": 0.03, ""tgi"": 45}, ""居住社区房价|<20000"": {""ratio"": 0.03, ""tgi"": 45}, ""手机价格|7001-8000"": {""ratio"": 0.45, ""tgi"": 165}, ""手机价格|>10000"": {""ratio"": 0.34, ""tgi"": 125}, ""手机价格|9001-10000"": {""ratio"": 0.23, ""tgi"": 85}, ""手机价格|8001-9000"": {""ratio"": 0.12, ""tgi"": 45}, ""手机价格|5001-6000"": {""ratio"": 0.03, ""tgi"": 45}, ""手机价格|<5000"": {""ratio"": 0.03, ""tgi"": 45}, ""学历|本科"": {""ratio"": 0.45, ""tgi"": 165}, ""学历|硕士"": {""ratio"": 0.34, ""tgi"": 125}, ""学历|大专"": {""ratio"": 0.23, ""tgi"": 85}, ""学历|高中及以下"": {""ratio"": 0.12, ""tgi"": 45}, ""商场到店频次|7-8次"": {""ratio"": 0.45, ""tgi"": 165}, ""商场到店频次|11次及以上"": {""ratio"": 0.34, ""tgi"": 125}, ""商场到店频次|9-10次"": {""ratio"": 0.23, ""tgi"": 85}, ""商场到店频次|4-6次"": {""ratio"": 0.12, ""tgi"": 45}, ""商场到店频次|1-3次"": {""ratio"": 0.03, ""tgi"": 45}, ""到访偏好大类|运动健身"": {""ratio"": 0.6, ""tgi"": 175}, ""到访偏好大类|购物"": {""ratio"": 0.45, ""tgi"": 155}, ""到访偏好大类|美食"": {""ratio"": 0.3, ""tgi"": 135}}","APP偏好大类：社交(100%), 系统(99%), 工具(98%)；age：18-24(45%), 0-17(34%), 25-30(23%)；consume：次高(45%), 高(34%), 中(23%)；residence：2000-5000米(35%), 0-2000米(28%), 5000-10000米(20%)；workplace：0-500米(40%), 2000-5000米(18%), 5000-10000米(12%)；关键词：年轻、运动、白领",16,"{""brand_count"": 16, ""top_brands"": [""耐克"", ""阿迪达斯"", ""李宁"", ""安踏"", ""lululemon"", ""迪卡侬"", ""斯凯奇"", ""星巴克"", ""瑞幸咖啡"", ""蜜雪冰城"", ""肯德基"", ""优衣库"", ""UR"", ""超级猩猩"", ""威尔士健身"", ""万达影城""], ""category_distribution"": {""服装"": 2, ""餐饮"": 4, ""运动"": 7, ""珠宝"": 0, ""护肤化妆品"": 0, ""娱乐服务"": 3}}",2,0.125,4,0.25,3,0.188,0,0.0,0,0.0,7,0.438,35000,650000
SYN0005,上海静安屿,示例商业集团,购物中心,静安区愚园路68号,上海,上海,静安区,31.224,121.445,30000,4,2018-03-10,运营中,一线,位置特征：愚园路文艺街区。目标客群：文艺青年、社区白领。商业配套：精品咖啡与生活方式业态。消费能力：中等消费，客单价120-200元。综合评价：社区型精品商场,80,82,78,73,67,"上海静安屿，上海城区。位置特征：愚园路文艺街区。目标客群：文艺青年、社区白领。商业配套：精品咖啡与生活方式业态。消费能力：中等消费，客单价120-200元。综合评价：社区型精品商场。客群画像：APP偏好大类：社交(100%), 系统(99%), 工具(98%)；age：25-30(45%), 0-17(34%), 18-24(23%)；consume：中(45%), 高(34%), 次高(23%)；residence：2000-5000米(35%), 0-2000米(28%), 5000-10000米(20%)；workplace：0-500米(40%), 2000-5000米(18%), 5000-10000米(12%)；关键词：白领、文艺、咖啡","{""consume|中"": {""ratio"": 0.45, ""tgi"": 165}, ""consume|高"": {""ratio"": 0.34, ""tgi"": 125}, ""consume|次高"": {""ratio"": 0.23, ""tgi"": 85}, ""consume|次低"": {""ratio"": 0.12, ""tgi"": 45}, ""consume|低"": {""ratio"": 0.03, ""tgi"": 45}, ""age|25-30"": {""ratio"": 0.45, ""tgi"": 165}, ""age|0-17"": {""ratio"": 0.34, ""tgi"": 125}, ""age|18-24"": {""ratio"": 0.23, ""tgi"": 85}, ""age|31-35"": {""ratio"": 0.12, ""tgi"": 45}, ""age|36-40"": {""ratio"": 0.03, ""tgi"": 45}, ""age|41-45"": {""ratio"": 0.03, ""tgi"": 45}, ""age|46-60"": {""ratio"": 0.03, ""tgi"": 45}, ""age|61以上"": {""ratio"": 0.03, ""tgi"": 45}, ""子女年龄|无子女"": {""ratio"": 0.5, ""tgi"": 130}, ""是否有车|否"": {""ratio"": 0.45, ""tgi"": 120}, ""居住社区房价|60000-79999"": {""ratio"": 0.45, ""tgi"": 165}, ""居住社区房价|>100000"": {""ratio"": 0.34, ""tgi"": 125}, ""居住社区房价|80000-99999"": {""ratio"": 0.23, ""tgi"": 85}, ""居住社区房价|40000-59999"": {""ratio"": 0.12, ""tgi"": 45}, ""居住社区房价|20000-39999"": {""ratio"": 0.03, ""tgi"": 45}, ""居住社区房价|<20000"": {""ratio"": 0.03, ""tgi"": 45}, ""手机价格|5001-6000"": {""ratio"": 0.45, ""tgi"": 165}, ""手机价格|>10000"": {""ratio"": 0.34, ""tgi"": 125}, ""手机价格|9001-10000"": {""ratio"": 0.23, ""tgi"": 85}, ""手机价格|8001-9000"": {""ratio"": 0.12, ""tgi"": 45}, ""手机价格|7001-8000"": {""ratio"": 0.03, ""tgi"": 45}, ""手机价格|<5000"": {""ratio"": 0.03, ""tgi"": 45}, ""学历|本科"": {""ratio"": 0.45, ""tgi"": 165}, ""学历|硕士"": {""ratio"": 0.34, ""tgi"": 125}, ""学历|大专"": {""ratio"": 0.23, ""tgi"": 85}, ""学历|高中及以下"": {""ratio"": 0.12, ""tgi"": 45}, ""商场到店频次|4-6次"": {""ratio"": 0.45, ""tgi"": 165}, ""商场到店频次|11次及以上"": {""ratio"": 0.34, ""tgi"": 125}, ""商场到店频次|9-10次"": {""ratio"": 0.23, ""tgi"": 85}, ""商场到店频次|7-8次"": {""ratio"": 0.12, ""tgi"": 45}, ""商场到店频次|1-3次"": {""ratio"": 0.03, ""tgi"": 45}, ""到访偏好大类|美食"": {""ratio"": 0.6, ""tgi"": 175}, ""到访偏好大类|娱乐休闲"": {""ratio"": 0.45, ""tgi"": 155}, ""到访偏好大类|购物"": {""ratio"": 0.3, ""tgi"": 135}}","APP偏好大类：社交(100%), 系统(99%), 工具(98%)；age：25-30(45%), 0-17(34%), 18-24(23%)；consume：中(45%), 高(34%), 次高(23%)；residence：2000-5000米(35%), 0-2000米(28%), 5000-10000米(20%)；workplace：0-500米(40%), 2000-5000米(18%), 5000-10000米(12%)；关键词：白领、文艺、咖啡",9,"{""brand_count"": 9, ""top_brands"": [""星巴克"", ""Manner"", ""喜茶"", ""西贝莜面村"", ""外婆家"", ""优衣库"", ""完美日记"", ""花西子"", ""泡泡玛特""], ""category_distribution"": {""服装"": 1, ""餐饮"": 5, ""运动"": 0, ""珠宝"": 0, ""护肤化妆品"": 2, ""娱乐服务"": 1}}",1,0.111,5,0.556,1,0.111,0,0.0,2,0.222,0,0.0,18000,400000
SYN0006,上海东岸中心,示例商业集团,购物中心,浦东新区世纪大道100号,上海,上海,浦东新区,31.236,121.506,95000,7,2016-12-24,运营中,一线,位置特征：陆家嘴金融区东扩。目标客群：金融从业者、中高收入家庭。商业配套：珠宝钟表与商务餐饮。消费能力：高消费，客单价300-500元。综合评价：金融区商务商业,84,86,82,77,71,"上海东岸中心，上海城区。位置特征：陆家嘴金融区东扩。目标客群：金融从业者、中高收入家庭。商业配套：珠宝钟表与商务餐饮。消费能力：高消费，客单价300-500元。综合评价：金融区商务商业。客群画像：APP偏好大类：社交(100%), 系统(99%), 工具(98%)；age：31-35(45%), 0-17(34%), 18-24(23%)；consume：高(45%), 次高(34%), 中(23%)；residence：2000-5000米(35%), 0-2000米(28%), 5000-10000米(20%)；workplace：0-500米(40%), 2000-5000米(18%), 5000-10000米(12%)；关键词：高收入、金融、珠宝","{""consume|高"": {""ratio"": 0.45, ""tgi"": 165}, ""consume|次高"": {""ratio"": 0.34, ""tgi"": 125}, ""consume|中"": {""ratio"": 0.23, ""tgi"": 85}, ""consume|次低"": {""ratio"": 0.12, ""tgi"": 45}, ""consume|低"": {""ratio"": 0.03, ""tgi"": 45}, ""age|31-35"": {""ratio"": 0.45, ""tgi"": 165}, ""age|0-17"": {""ratio"": 0.34, ""tgi"": 125}, ""age|18-24"": {""ratio"": 0.23, ""tgi"": 85}, ""age|25-30"": {""ratio"": 0.12, ""tgi"": 45}, ""age|36-40"": {""ratio"": 0.03, ""tgi"": 45}, ""age|41-45"": {""ratio"": 0.03, ""tgi"": 45}, ""age|46-60"": {""ratio"": 0.03, ""tgi"": 45}, ""age|61以上"": {""ratio"": 0.03, ""tgi"": 45}, ""子女年龄|无子女"": {""ratio"": 0.5, ""tgi"": 130}, ""是否有车|是"": {""ratio"": 0.55, ""tgi"": 120}, ""居住社区房价|80000-99999"": {""ratio"": 0.45, ""tgi"": 165}, ""居住社区房价|>100000"": {""ratio"": 0.34, ""tgi"": 125}, ""居住社区房价|60000-79999"": {""ratio"": 0.23, ""tgi"": 85}, ""居住社区房价|40000-59999"": {""ratio"": 0.12, ""tgi"": 45}, ""居住社区房价|20000-39999"": {""ratio"": 0.03, ""tgi"": 45}, ""居住社区房价|<20000"": {""ratio"": 0.03, ""tgi"": 45}, ""手机价格|8001-9000"": {""ratio"": 0.45, ""tgi"": 165}, ""手机价格|>10000"": {""ratio"": 0.34, ""tgi"": 125}, ""手机价格|9001-10000"": {""ratio"": 0.23, ""tgi"": 85}, ""手机价格|7001-8000"": {""ratio"": 0.12, ""tgi"": 45}, ""手机价格|5001-6000"": {""ratio"": 0.03, ""tgi"": 45}, ""手机价格|<5000"": {""ratio"": 0.03, ""tgi"": 45}, ""学历|本科"": {""ratio"": 0.45, ""tgi"": 165}, ""学历|硕士"": {""ratio"": 0.34, ""tgi"": 125}, ""学历|大专"": {""ratio"": 0.23, ""tgi"": 85}, ""学历|高中及以下"": {""ratio"": 0.12, ""tgi"": 45}, ""商场到店频次|4-6次"": {""ratio"": 0.45, ""tgi"": 165}, ""商场到店频次|11次及以上"": {""ratio"": 0.34, ""tgi"": 125}, ""商场到店频次|9-10次"": {""ratio"": 0.23, ""tgi"": 85}, ""商场到店频次|7-8次"": {""ratio"": 0.12, ""tgi"": 45}, ""商场到店频次|1-3次"": {""ratio"": 0.03, ""tgi"": 45}, ""到访偏好大类|购物"": {""ratio"": 0.6, ""tgi"": 175}, ""到访偏好大类|美食"": {""ratio"": 0.45, ""tgi"": 155}, ""到访偏好大类|娱乐休闲"": {""ratio"": 0.3, ""tgi"": 135}}","APP偏好大类：社交(100%), 系统(99%), 工具(98%)；age：31-35(45%), 0-17(34%), 18-24(23%)；consume：高(45%), 次高(34%), 中(23%)；residence：2000-5000米(35%), 0-2000米(28%), 5000-10000米(20%)；workplace：0-500米(40%), 2000-5000米(18%), 5000-10000米(12%)；关键词：高收入、金融、珠宝",15,"{""brand_count"": 15, ""top_brands"": [""周大福"", ""周生生"", ""六福珠宝"", ""老凤祥"", ""I Do"", ""兰蔻"", ""丝芙兰"", ""资生堂"", ""星巴克"", ""海底捞"", ""西贝莜面村"", ""ZARA"", ""太平鸟"", ""金逸影城"", ""威尔士健身""], ""category_distribution"": {""服装"": 2, ""餐饮"": 3, ""运动"": 0, ""珠宝"": 5, ""护肤化妆品"": 3, ""娱乐服务"": 2}}",2,0.133,3,0.2,2,0.133,5,0.333,3,0.2,0,0.0,24000,750000
SYN0007,上海长风里,示例商业集团,购物中心,普陀区大渡河路196号,上海,上海,普陀区,31.23,121.395,88000,6,2015-08-08,运营中,一线,位置特征：长风公园板块，居住密集。目标客群：家庭亲子客群、周边居民。商业配套：家庭餐饮与儿童业态。消费能力：中等消费，客单价100-180元。综合评价：家庭亲子社区商业,74,76,72,67,68,"上海长风里，上海城区。位置特征：长风公园板块，居住密集。目标客群：家庭亲子客群、周边居民。商业配套：家庭餐饮与儿童业态。消费能力：中等消费，客单价100-180元。综合评价：家庭亲子社区商业。客群画像：APP偏好大类：社交(100%), 系统(99%), 工具(98%)；age：31-35(45%), 0-17(34%), 18-24(23%)；consume：中(45%), 高(34%), 次高(23%)；residence：2000-5000米(35%), 0-2000米(28%), 5000-10000米(20%)；workplace：0-500米(40%), 2000-5000米(18%), 5000-10000米(12%)；关键词：家庭、亲子、儿童","{""consume|中"": {""ratio"": 0.45, ""tgi"": 165}, ""consume|高"": {""ratio"": 0.34, ""tgi"": 125}, ""consume|次高"": {""ratio"": 0.23, ""tgi"": 85}, ""consume|次低"": {""ratio"": 0.12, ""tgi"": 45}, ""consume|低"": {""ratio"": 0.03, ""tgi"": 45}, ""age|31-35"": {""ratio"": 0.45, ""tgi"": 165}, ""age|0-17"": {""ratio"": 0.34, ""tgi"": 125}, ""age|18-24"": {""ratio"": 0.23, ""tgi"": 85}, ""age|25-30"": {""ratio"": 0.12, ""tgi"": 45}, ""age|36-40"": {""ratio"": 0.03, ""tgi"": 45}, ""age|41-45"": {""ratio"": 0.03, ""tgi"": 45}, ""age|46-60"": {""ratio"": 0.03, ""tgi"": 45}, ""age|61以上"": {""ratio"": 0.03, ""tgi"": 45}, ""子女年龄|有学龄前儿童"": {""ratio"": 0.5, ""tgi"": 130}, ""是否有车|是"": {""ratio"": 0.55, ""tgi"": 120}, ""居住社区房价|40000-59999"": {""ratio"": 0.45, ""tgi"": 165}, ""居住社区房价|>100000"": {""ratio"": 0.34, ""tgi"": 125}, ""居住社区房价|80000-99999"": {""ratio"": 0.23, ""tgi"": 85}, ""居住社区房价|60000-79999"": {""ratio"": 0.12, ""tgi"": 45}, ""居住社区房价|20000-39999"": {""ratio"": 0.03, ""tgi"": 45}, ""居住社区房价|<20000"": {""ratio"": 0.03, ""tgi"": 45}, ""手机价格|5001-6000"": {""ratio"": 0.45, ""tgi"": 165}, ""手机价格|>10000"": {""ratio"": 0.34, ""tgi"": 125}, ""手机价格|9001-10000"": {""ratio"": 0.23, ""tgi"": 85}, ""手机价格|8001-9000"": {""ratio"": 0.12, ""tgi"": 45}, ""手机价格|7001-8000"": {""ratio"": 0.03, ""tgi"": 45}, ""手机价格|<5000"": {""ratio"": 0.03, ""tgi"": 45}, ""学历|大专"": {""ratio"": 0.45, ""tgi"": 165}, ""学历|硕士"": {""ratio"": 0.34, ""tgi"": 125}, ""学历|本科"": {""ratio"": 0.23, ""tgi"": 85}, ""学历|高中及以下"": {""ratio"": 0.12, ""tgi"": 45}, ""商场到店频次|9-10次"": {""ratio"": 0.45, ""tgi"": 165}, ""商场到店频次|11次及以上"": {""ratio"": 0.34, ""tgi"": 125}, ""商场到店频次|7-8次"": {""ratio"": 0.23, ""tgi"": 85}, ""商场到店频次|4-6次"": {""ratio"": 0.12, ""tgi"": 45}, ""商场到店频次|1-3次"": {""ratio"": 0.03, ""tgi"": 45}, ""到访偏好大类|美食"": {""ratio"": 0.6, ""tgi"": 175}, ""到访偏好大类|娱乐休闲"": {""ratio"": 0.45, ""tgi"": 155}, ""到访偏好大类|教育学校"": {""ratio"": 0.3, ""tgi"": 135}}","APP偏好大类：社交(100%), 系统(99%), 工具(98%)；age：31-35(45%), 0-17(34%), 18-24(23%)；consume：中(45%), 高(34%), 次高(23%)；residence：2000-5000米(35%), 0-2000米(28%), 5000-10000米(20%)；workplace：0-500米(40%), 2000-5000米(18%), 5000-10000米(12%)；关键词：家庭、亲子、儿童",15,"{""brand_count"": 15, ""top_brands"": [""海底捞"", ""西贝莜面村"", ""外婆家"", ""肯德基"", ""麦当劳"", ""星巴克"", ""蜜雪冰城"", ""万达影城"", ""大玩家"", ""泡泡玛特"", ""威尔士健身"", ""优衣库"", ""海澜之家"", ""安踏"", ""李宁""], ""category_distribution"": {""服装"": 2, ""餐饮"": 7, ""运动"": 2, ""珠宝"": 0, ""护肤化妆品"": 0, ""娱乐服务"": 4}}",2,0.133,7,0.467,4,0.267,0,0.0,0,0.0,2,0.133,20000,500000
SYN0008,上海南桥百汇,示例商业集团,购物中心,奉贤区南桥镇望园南路1号,上海,上海,奉贤区,30.915,121.475,55000,4,2013-05-01,运营中,一线,位置特征：奉贤南桥传统商圈。目标客群：本地居民、中老年客群。商业配套：传统百货业态，零售为主。消费能力：大众消费，客单价80-120元。综合评价：远郊传统百货,62,64,60,60,59,"上海南桥百汇，上海城区。位置特征：奉贤南桥传统商圈。目标客群：本地居民、中老年客群。商业配套：传统百货业态，零售为主。消费能力：大众消费，客单价80-120元。综合评价：远郊传统百货。客群画像：APP偏好大类：社交(100%), 系统(99%), 工具(98%)；age：46-60(45%), 0-17(34%), 18-24(23%)；consume：次低(45%), 高(34%), 次高(23%)；residence：2000-5000米(35%), 0-2000米(28%), 5000-10000米(20%)；workplace：0-500米(40%), 2000-5000米(18%), 5000-10000米(12%)；关键词：中老年、大众、传统","{""consume|次低"": {""ratio"": 0.45, ""tgi"": 165}, ""consume|高"": {""ratio"": 0.34, ""tgi"": 125}, ""consume|次高"": {""ratio"": 0.23, ""tgi"": 85}, ""consume|中"": {""ratio"": 0.12, ""tgi"": 45}, ""consume|低"": {""ratio"": 0.03, ""tgi"": 45}, ""age|46-60"": {""ratio"": 0.45, ""tgi"": 165}, ""age|0-17"": {""ratio"": 0.34, ""tgi"": 125}, ""age|18-24"": {""ratio"": 0.23, ""tgi"": 85}, ""age|25-30"": {""ratio"": 0.12, ""tgi"": 45}, ""age|31-35"": {""ratio"": 0.03, ""tgi"": 45}, ""age|36-40"": {""ratio"": 0.03, ""tgi"": 45}, ""age|41-45"": {""ratio"": 0.03, ""tgi"": 45}, ""age|61以上"": {""ratio"": 0.03, ""tgi"": 45}, ""子女年龄|无子女"": {""ratio"": 0.5, ""tgi"": 130}, ""是否有车|否"": {""ratio"": 0.45, ""tgi"": 120}, ""居住社区房价|20000-39999"": {""ratio"": 0.45, ""tgi"": 165}, ""居住社区房价|>100000"": {""ratio"": 0.34, ""tgi"": 125}, ""居住社区房价|80000-99999"": {""ratio"": 0.23, ""tgi"": 85}, ""居住社区房价|60000-79999"": {""ratio"": 0.12, ""tgi"": 45}, ""居住社区房价|40000-59999"": {""ratio"": 0.03, ""tgi"": 45}, ""居住社区房价|<20000"": {""ratio"": 0.03, ""tgi"": 45}, ""手机价格|<5000"": {""ratio"": 0.45, ""tgi"": 165}, ""手机价格|>10000"": {""ratio"": 0.34, ""tgi"": 125}, ""手机价格|9001-10000"": {""ratio"": 0.23, ""tgi"": 85}, ""手机价格|8001-9000"": {""ratio"": 0.12, ""tgi"": 45}, ""手机价格|7001-8000"": {""ratio"": 0.03, ""tgi"": 45}, ""手机价格|5001-6000"": {""ratio"": 0.03, ""tgi"": 45}, ""学历|高中及以下"": {""ratio"": 0.45, ""tgi"": 165}, ""学历|硕士"": {""ratio"": 0.34, ""tgi"": 125}, ""学历|本科"": {""ratio"": 0.23, ""tgi"": 85}, ""学历|大专"": {""ratio"": 0.12, ""tgi"": 45}, ""商场到店频次|4-6次"": {""ratio"": 0.45, ""tgi"": 165}, ""商场到店频次|11次及以上"": {""ratio"": 0.34, ""tgi"": 125}, ""商场到店频次|9-10次"": {""ratio"": 0.23, ""tgi"": 85}, ""商场到店频次|7-8次"": {""ratio"": 0.12, ""tgi"": 45}, ""商场到店频次|1-3次"": {""ratio"": 0.03, ""tgi"": 45}, ""到访偏好大类|美食"": {""ratio"": 0.6, ""tgi"": 175}, ""到访偏好大类|娱乐休闲"": {""ratio"": 0.45, ""tgi"": 155}}","APP偏好大类：社交(100%), 系统(99%), 工具(98%)；age：46-60(45%), 0-17(34%), 18-24(23%)；consume：次低(45%), 高(34%), 次高(23%)；residence：2000-5000米(35%), 0-2000米(28%), 5000-10000米(20%)；workplace：0-500米(40%), 2000-5000米(18%), 5000-10000米(12%)；关键词：中老年、大众、传统",8,"{""brand_count"": 8, ""top_brands"": [""肯德基"", ""麦当劳"", ""蜜雪冰城"", ""外婆家"", ""海澜之家"", ""波司登"", ""金逸影城"", ""星聚会KTV""], ""category_distribution"": {""服装"": 2, ""餐饮"": 4, ""运动"": 0, ""珠宝"": 0, ""护肤化妆品"": 0, ""娱乐服务"": 2}}",2,0.25,4,0.5,2,0.25,0,0.0,0,0.0,0,0.0,6000,150000
SYN0009,上海莘庄荟,示例商业集团,购物中心,闵行区莘庄地铁站南广场,上海,上海,闵行区,31.111,121.382,68000,5,2017-06-30,运营中,一线,位置特征：莘庄交通枢纽上盖。目标客群：通勤白领、年轻家庭。商业配套：运动与快时尚业态。消费能力：中等消费，客单价120-220元。综合评价：枢纽型社区商业,76,78,74,69,72,"上海莘庄荟，上海城区。位置特征：莘庄交通枢纽上盖。目标客群：通勤白领、年轻家庭。商业配套：运动与快时尚业态。消费能力：中等消费，客单价120-220元。综合评价：枢纽型社区商业。客群画像：APP偏好大类：社交(100%), 系统(99%), 工具(98%)；age：25-30(45%), 0-17(34%), 18-24(23%)；consume：中(45%), 高(34%), 次高(23%)；residence：2000-5000米(35%), 0-2000米(28%), 5000-10000米(20%)；workplace：0-500米(40%), 2000-5000米(18%), 5000-10000米(12%)；关键词：白领、年轻、运动","{""consume|中"": {""ratio"": 0.45, ""tgi"": 165}, ""consume|高"": {""ratio"": 0.34, ""tgi"": 125}, ""consume|次高"": {""ratio"": 0.23, ""tgi"": 85}, ""consume|次低"": {""ratio"": 0.12, ""tgi"": 45}, ""consume|低"": {""ratio"": 0.03, ""tgi"": 45}, ""age|25-30"": {""ratio"": 0.45, ""tgi"": 165}, ""age|0-17"": {""ratio"": 0.34, ""tgi"": 125}, ""age|18-24"": {""ratio"": 0.23, ""tgi"": 85}, ""age|31-35"": {""ratio"": 0.12, ""tgi"": 45}, ""age|36-40"": {""ratio"": 0.03, ""tgi"": 45}, ""age|41-45"": {""ratio"": 0.03, ""tgi"": 45}, ""age|46-60"": {""ratio"": 0.03, ""tgi"": 45}, ""age|61以上"": {""ratio"": 0.03, ""tgi"": 45}, ""子女年龄|无子女"": {""ratio"": 0.5, ""tgi"": 130}, ""是否有车|否"": {""ratio"": 0.45, ""tgi"": 120}, ""居住社区房价|40000-59999"": {""ratio"": 0.45, ""tgi"": 165}, ""居住社区房价|>100000"": {""ratio"": 0.34, ""tgi"": 125}, ""居住社区房价|80000-99999"": {""ratio"": 0.23, ""tgi"": 85}, ""居住社区房价|60000-79999"": {""ratio"": 0.12, ""tgi"": 45}, ""居住社区房价|20000-39999"": {""ratio"": 0.03, ""tgi"": 45}, ""居住社区房价|<20000"": {""ratio"": 0.03, ""tgi"": 45}, ""手机价格|5001-6000"": {""ratio"": 0.45, ""tgi"": 165}, ""手机价格|>10000"": {""ratio"": 0.34, ""tgi"": 125}, ""手机价格|9001-10000"": {""ratio"": 0.23, ""tgi"": 85}, ""手机价格|8001-9000"": {""ratio"": 0.12, ""tgi"": 45}, ""手机价格|7001-8000"": {""ratio"": 0.03, ""tgi"": 45}, ""手机价格|<5000"": {""ratio"": 0.03, ""tgi"": 45}, ""学历|本科"": {""ratio"": 0.45, ""tgi"": 165}, ""学历|硕士"": {""ratio"": 0.34, ""tgi"": 125}, ""学历|大专"": {""ratio"": 0.23, ""tgi"": 85}, ""学历|高中及以下"": {""ratio"": 0.12, ""tgi"": 45}, ""商场到店频次|7-8次"": {""ratio"": 0.45, ""tgi"": 165}, ""商场到店频次|11次及以上"": {""ratio"": 0.34, ""tgi"": 125}, ""商场到店频次|9-10次"": {""ratio"": 0.23, ""tgi"": 85}, ""商场到店频次|4-6次"": {""ratio"": 0.12, ""tgi"": 45}, ""商场到店频次|1-3次"": {""ratio"": 0.03, ""tgi"": 45}, ""到访偏好大类|运动健身"": {""ratio"": 0.6, ""tgi"": 175}, ""到访偏好大类|美食"": {""ratio"": 0.45, ""tgi"": 155}, ""到访偏好大类|购物"": {""ratio"": 0.3, ""tgi"": 135}}","APP偏好大类：社交(100%), 系统(99%), 工具(98%)；age：25-30(45%), 0-17(34%), 18-24(23%)；consume：中(45%), 高(34%), 次高(23%)；residence：2000-5000米(35%), 0-2000米(28%), 5000-10000米(20%)；workplace：0-500米(40%), 2000-5000米(18%), 5000-10000米(12%)；关键词：白领、年轻、运动",14,"{""brand_count"": 14, ""top_brands"": [""耐克"", ""阿迪达斯"", ""李宁"", ""迪卡侬"", ""星巴克"", ""瑞幸咖啡"", ""喜茶"", ""肯德基"", ""太二酸菜鱼"", ""优衣库"", ""UR"", ""太平鸟"", ""超级猩猩"", ""金逸影城""], ""category_distribution"": {""服装"": 3, ""餐饮"": 5, ""运动"": 4, ""珠宝"": 0, ""护肤化妆品"": 0, ""娱乐服务"": 2}}",3,0.214,5,0.357,2,0.143,0,0.0,0,0.0,4,0.286,26000,550000
SYN0010,上海北外滩云集,示例商业集团,购物中心,虹口区东大名路588号,上海,上海,虹口区,31.254,121.503,42000,5,2019-04-18,运营中,一线,位置特征：北外滩滨江，新兴商务区。目标客群：商务人士、高收入白领。商业配套：珠宝美妆与滨江餐饮。消费能力：高消费，客单价250-400元。综合评价：滨江商务商业,82,84,80,75,66,"上海北外滩云集，上海城区。位置特征：北外滩滨江，新兴商务区。目标客群：商务人士、高收入白领。商业配套：珠宝美妆与滨江餐饮。消费能力：高消费，客单价250-400元。综合评价：滨江商务商业。客群画像：APP偏好大类：社交(100%), 系统(99%), 工具(98%)；age：31-35(45%), 0-17(34%), 18-24(23%)；consume：高(45%), 次高(34%), 中(23%)；residence：2000-5000米(35%), 0-2000米(28%), 5000-10000米(20%)；workplace：0-500米(40%), 2000-5000米(18%), 5000-10000米(12%)；关键词：高收入、白领、珠宝","{""consume|高"": {""ratio"": 0.45, ""tgi"": 165}, ""consume|次高"": {""ratio"": 0.34, ""tgi"": 125}, ""consume|中"": {""ratio"": 0.23, ""tgi"": 85}, ""consume|次低"": {""ratio"": 0.12, ""tgi"": 45}, ""consume|低"": {""ratio"": 0.03, ""tgi"": 45}, ""age|31-35"": {""ratio"": 0.45, ""tgi"": 165}, ""age|0-17"": {""ratio"": 0.34, ""tgi"": 125}, ""age|18-24"": {""ratio"": 0.23, ""tgi"": 85}, ""age|25-30"": {""ratio"": 0.12, ""tgi"": 45}, ""age|36-40"": {""ratio"": 0.03, ""tgi"": 45}, ""age|41-45"": {""ratio"": 0.03, ""tgi"": 45}, ""age|46-60"": {""ratio"": 0.03, ""tgi"": 45}, ""age|61以上"": {""ratio"": 0.03, ""tgi"": 45}, ""子女年龄|无子女"": {""ratio"": 0.5, ""tgi"": 130}, ""是否有车|是"": {""ratio"": 0.55, ""tgi"": 120}, ""居住社区房价|80000-99999"": {""ratio"": 0.45, ""tgi"": 165}, ""居住社区房价|>100000"": {""ratio"": 0.34, ""tgi"": 125}, ""居住社区房价|60000-79999"": {""ratio"": 0.23, ""tgi"": 85}, ""居住社区房价|40000-59999"": {""ratio"": 0.12, ""tgi"": 45}, ""居住社区房价|20000-39999"": {""ratio"": 0.03, ""tgi"": 45}, ""居住社区房价|<20000"": {""ratio"": 0.03, ""tgi"": 45}, ""手机价格|8001-9000"": {""ratio"": 0.45, ""tgi"": 165}, ""手机价格|>10000"": {""ratio"": 0.34, ""tgi"": 125}, ""手机价格|9001-10000"": {""ratio"": 0.23, ""tgi"": 85}, ""手机价格|7001-8000"": {""ratio"": 0.12, ""tgi"": 45}, ""手机价格|5001-6000"": {""ratio"": 0.03, ""tgi"": 45}, ""手机价格|<5000"": {""ratio"": 0.03, ""tgi"": 45}, ""学历|本科"": {""ratio"": 0.45, ""tgi"": 165}, ""学历|硕士"": {""ratio"": 0.34, ""tgi"": 125}, ""学历|大专"": {""ratio"": 0.23, ""tgi"": 85}, ""学历|高中及以下"": {""ratio"": 0.12, ""tgi"": 45}, ""商场到店频次|4-6次"": {""ratio"": 0.45, ""tgi"": 165}, ""商场到店频次|11次及以上"": {""ratio"": 0.34, ""tgi"": 125}, ""商场到店频次|9-10次"": {""ratio"": 0.23, ""tgi"": 85}, ""商场到店频次|7-8次"": {""ratio"": 0.12, ""tgi"": 45}, ""商场到店频次|1-3次"": {""ratio"": 0.03, ""tgi"": 45}, ""到访偏好大类|购物"": {""ratio"": 0.6, ""tgi"": 175}, ""到访偏好大类|美食"": {""ratio"": 0.45, ""tgi"": 155}, ""到访偏好大类|旅游景点"": {""ratio"": 0.3, ""tgi"": 135}}","APP偏好大类：社交(100%), 系统(99%), 工具(98%)；age：31-35(45%), 0-17(34%), 18-24(23%)；consume：高(45%), 次高(34%), 中(23%)；residence：2000-5000米(35%), 0-2000米(28%), 5000-10000米(20%)；workplace：0-500米(40%), 2000-5000米(18%), 5000-10000米(12%)；关键词：高收入、白领、珠宝",12,"{""brand_count"": 12, ""top_brands"": [""周生生"", ""六福珠宝"", ""老凤祥"", ""雅诗兰黛"", ""兰蔻"", ""SK-II"", ""丝芙兰"", ""星巴克"", ""喜茶"", ""海底捞"", ""ZARA"", ""金逸影城""], ""category_distribution"": {""服装"": 1, ""餐饮"": 3, ""运动"": 0, ""珠宝"": 3, ""护肤化妆品"": 4, ""娱乐服务"": 1}}",1,0.083,3,0.25,1,0.083,3,0.25,4,0.333,0,0.0,16000,420000
SYN0011,上海五角场里,示例商业集团,购物中心,杨浦区淞沪路151号,上海,上海,杨浦区,31.301,121.515,50000,5,2014-09-28,运营中,一线,位置特征：五角场商圈，高校环绕。目标客群：高校学生、年轻白领。商业配套：运动与餐饮业态密集。消费能力：中等消费，客单价100-180元。综合评价：高校商圈人气商业,78,80,76,71,75,"上海五角场里，上海城区。位置特征：五角场商圈，高校环绕。目标客群：高校学生、年轻白领。商业配套：运动与餐饮业态密集。消费能力：中等消费，客单价100-180元。综合评价：高校商圈人气商业。客群画像：APP偏好大类：社交(100%), 系统(99%), 工具(98%)；age：18-24(45%), 0-17(34%), 25-30(23%)；consume：中(45%), 高(34%), 次高(23%)；residence：2000-5000米(35%), 0-2000米(28%), 5000-10000米(20%)；workplace：0-500米(40%), 2000-5000米(18%), 5000-10000米(12%)；关键词：学生、年轻、运动","{""consume|中"": {""ratio"": 0.45, ""tgi"": 165}, ""consume|高"": {""ratio"": 0.34, ""tgi"": 125}, ""consume|次高"": {""ratio"": 0.23, ""tgi"": 85}, ""consume|次低"": {""ratio"": 0.12, ""tgi"": 45}, ""consume|低"": {""ratio"": 0.03, ""tgi"": 45}, ""age|18-24"": {""ratio"": 0.45, ""tgi"": 165}, ""age|0-17"": {""ratio"": 0.34, ""tgi"": 125}, ""age|25-30"": {""ratio"": 0.23, ""tgi"": 85}, ""age|31-35"": {""ratio"": 0.12, ""tgi"": 45}, ""age|36-40"": {""ratio"": 0.03, ""tgi"": 45}, ""age|41-45"": {""ratio"": 0.03, ""tgi"": 45}, ""age|46-60"": {""ratio"": 0.03, ""tgi"": 45}, ""age|61以上"": {""ratio"": 0.03, ""tgi"": 45}, ""子女年龄|无子女"": {""ratio"": 0.5, ""tgi"": 130}, ""是否有车|否"": {""ratio"": 0.45, ""tgi"": 120}, ""居住社区房价|40000-59999"": {""ratio"": 0.45, ""tgi"": 165}, ""居住社区房价|>100000"": {""ratio"": 0.34, ""tgi"": 125}, ""居住社区房价|80000-99999"": {""ratio"": 0.23, ""tgi"": 85}, ""居住社区房价|60000-79999"": {""ratio"": 0.12, ""tgi"": 45}, ""居住社区房价|20000-39999"": {""ratio"": 0.03, ""tgi"": 45}, ""居住社区房价|<20000"": {""ratio"": 0.03, ""tgi"": 45}, ""手机价格|5001-6000"": {""ratio"": 0.45, ""tgi"": 165}, ""手机价格|>10000"": {""ratio"": 0.34, ""tgi"": 125}, ""手机价格|9001-10000"": {""ratio"": 0.23, ""tgi"": 85}, ""手机价格|8001-9000"": {""ratio"": 0.12, ""tgi"": 45}, ""手机价格|7001-8000"": {""ratio"": 0.03, ""tgi"": 45}, ""手机价格|<5000"": {""ratio"": 0.03, ""tgi"": 45}, ""学历|本科"": {""ratio"": 0.45, ""tgi"": 165}, ""学历|硕士"": {""ratio"": 0.34, ""tgi"": 125}, ""学历|大专"": {""ratio"": 0.23, ""tgi"": 85}, ""学历|高中及以下"": {""ratio"": 0.12, ""tgi"": 45}, ""商场到店频次|11次及以上"": {""ratio"": 0.45, ""tgi"": 165}, ""商场到店频次|9-10次"": {""ratio"": 0.34, ""tgi"": 125}, ""商场到店频次|7-8次"": {""ratio"": 0.23, ""tgi"": 85}, ""商场到店频次|4-6次"": {""ratio"": 0.12, ""tgi"": 45}, ""商场到店频次|1-3次"": {""ratio"": 0.03, ""tgi"": 45}, ""到访偏好大类|运动健身"": {""ratio"": 0.6, ""tgi"": 175}, ""到访偏好大类|美食"": {""ratio"": 0.45, ""tgi"": 155}, ""到访偏好大类|娱乐休闲"": {""ratio"": 0.3, ""tgi"": 135}}","APP偏好大类：社交(100%), 系统(99%), 工具(98%)；age：18-24(45%), 0-17(34%), 25-30(23%)；consume：中(45%), 高(34%), 次高(23%)；residence：2000-5000米(35%), 0-2000米(28%), 5000-10000米(20%)；workplace：0-500米(40%), 2000-5000米(18%), 5000-10000米(12%)；关键词：学生、年轻、运动",17,"{""brand_count"": 17, ""top_brands"": [""耐克"", ""阿迪达斯"", ""李宁"", ""安踏"", ""迪卡侬"", ""斐乐"", ""瑞幸咖啡"", ""蜜雪冰城"", ""肯德基"", ""麦当劳"", ""太二酸菜鱼"", ""外婆家"", ""万达影城"", ""超级猩猩"", ""大玩家"", ""优衣库"", ""H&M""], ""category_distribution"": {""服装"": 2, ""餐饮"": 6, ""运动"": 6, ""珠宝"": 0, ""护肤化妆品"": 0, ""娱乐服务"": 3}}",2,0.118,6,0.353,3,0.176,0,0.0,0,0.0,6,0.353,30000,600000
SYN0012,上海宝山星港城,示例商业集团,购物中心,宝山区牡丹江路1558号,上海,上海,宝山区,31.405,121.489,60000,4,2012-11-11,运营中,一线,位置特征：宝山老城居住区。目标客群：家庭客群、周边居民。商业配套：家庭餐饮与儿童娱乐。消费能力：大众消费，客单价90-150元。综合评价：家庭社区商业,64,66,62,60,61,"上海宝山星港城，上海城区。位置特征：宝山老城居住区。目标客群：家庭客群、周边居民。商业配套：家庭餐饮与儿童娱乐。消费能力：大众消费，客单价90-150元。综合评价：家庭社区商业。客群画像：APP偏好大类：社交(100%), 系统(99%), 工具(98%)；age：36-40(45%), 0-17(34%), 18-24(23%)；consume：中(45%), 高(34%), 次高(23%)；residence：2000-5000米(35%), 0-2000米(28%), 5000-10000米(20%)；workplace：0-500米(40%), 2000-5000米(18%), 5000-10000米(12%)；关键词：家庭、亲子、儿童","{""consume|中"": {""ratio"": 0.45, ""tgi"": 165}, ""consume|高"": {""ratio"": 0.34, ""tgi"": 125}, ""consume|次高"": {""ratio"": 0.23, ""tgi"": 85}, ""consume|次低"": {""ratio"": 0.12, ""tgi"": 45}, ""consume|低"": {""ratio"": 0.03, ""tgi"": 45}, ""age|36-40"": {""ratio"": 0.45, ""tgi"": 165}, ""age|0-17"": {""ratio"": 0.34, ""tgi"": 125}, ""age|18-24"": {""ratio"": 0.23, ""tgi"": 85}, ""age|25-30"": {""ratio"": 0.12, ""tgi"": 45}, ""age|31-35"": {""ratio"": 0.03, ""tgi"": 45}, ""age|41-45"": {""ratio"": 0.03, ""tgi"": 45}, ""age|46-60"": {""ratio"": 0.03, ""tgi"": 45}, ""age|61以上"": {""ratio"": 0.03, ""tgi"": 45}, ""子女年龄|有学龄儿童"": {""ratio"": 0.5, ""tgi"": 130}, ""是否有车|是"": {""ratio"": 0.55, ""tgi"": 120}, ""居住社区房价|40000-59999"": {""ratio"": 0.45, ""tgi"": 165}, ""居住社区房价|>100000"": {""ratio"": 0.34, ""tgi"": 125}, ""居住社区房价|80000-99999"": {""ratio"": 0.23, ""tgi"": 85}, ""居住社区房价|60000-79999"": {""ratio"": 0.12, ""tgi"": 45}, ""居住社区房价|20000-39999"": {""ratio"": 0.03, ""tgi"": 45}, ""居住社区房价|<20000"": {""ratio"": 0.03, ""tgi"": 45}, ""手机价格|5001-6000"": {""ratio"": 0.45, ""tgi"": 165}, ""手机价格|>10000"": {""ratio"": 0.34, ""tgi"": 125}, ""手机价格|9001-10000"": {""ratio"": 0.23, ""tgi"": 85}, ""手机价格|8001-9000"": {""ratio"": 0.12, ""tgi"": 45}, ""手机价格|7001-8000"": {""ratio"": 0.03, ""tgi"": 45}, ""手机价格|<5000"": {""ratio"": 0.03, ""tgi"": 45}, ""学历|大专"": {""ratio"": 0.45, ""tgi"": 165}, ""学历|硕士"": {""ratio"": 0.34, ""tgi"": 125}, ""学历|本科"": {""ratio"": 0.23, ""tgi"": 85}, ""学历|高中及以下"": {""ratio"": 0.12, ""tgi"": 45}, ""商场到店频次|9-10次"": {""ratio"": 0.45, ""tgi"": 165}, ""商场到店频次|11次及以上"": {""ratio"": 0.34, ""tgi"": 125}, ""商场到店频次|7-8次"": {""ratio"": 0.23, ""tgi"": 85}, ""商场到店频次|4-6次"": {""ratio"": 0.12, ""tgi"": 45}, ""商场到店频次|1-3次"": {""ratio"": 0.03, ""tgi"": 45}, ""到访偏好大类|美食"": {""ratio"": 0.6, ""tgi"": 175}, ""到访偏好大类|娱乐休闲"": {""ratio"": 0.45, ""tgi"": 155}, ""到访偏好大类|教育学校"": {""ratio"": 0.3, ""tgi"": 135}}","APP偏好大类：社交(100%), 系统(99%), 工具(98%)；age：36-40(45%), 0-17(34%), 18-24(23%)；consume：中(45%), 高(34%), 次高(23%)；residence：2000-5000米(35%), 0-2000米(28%), 5000-10000米(20%)；workplace：0-500米(40%), 2000-5000米(18%), 5000-10000米(12%)；关键词：家庭、亲子、儿童",11,"{""brand_count"": 11, ""top_brands"": [""海底捞"", ""外婆家"", ""肯德基"", ""麦当劳"", ""蜜雪冰城"", ""西贝莜面村"", ""万达影城"", ""大玩家"", ""泡泡玛特"", ""海澜之家"", ""优衣库""], ""category_distribution"": {""服装"": 2, ""餐饮"": 6, ""运动"": 0, ""珠宝"": 0, ""护肤化妆品"": 0, ""娱乐服务"": 3}}",2,0.182,6,0.545,3,0.273,0,0.0,0,0.0,0,0.0,9000,180000
SYN0013,上海松江云间里,示例商业集团,购物中心,松江区中山中路77号,上海,上海,松江区,31.031,121.227,38000,3,2011-04-01,运营中,一线,位置特征：松江老城传统商圈。目标客群：本地居民。商业配套：传统零售，品牌较少。消费能力：大众消费，客单价70-100元。综合评价：品牌较少的蓝海商场,68,70,66,61,58,"上海松江云间里，上海城区。位置特征：松江老城传统商圈。目标客群：本地居民。商业配套：传统零售，品牌较少。消费能力：大众消费，客单价70-100元。综合评价：品牌较少的蓝海商场。客群画像：APP偏好大类：社交(100%), 系统(99%), 工具(98%)；age：41-45(45%), 0-17(34%), 18-24(23%)；consume：次低(45%), 高(34%), 次高(23%)；residence：2000-5000米(35%), 0-2000米(28%), 5000-10000米(20%)；workplace：0-500米(40%), 2000-5000米(18%), 5000-10000米(12%)；关键词：大众、蓝海、传统","{""consume|次低"": {""ratio"": 0.45, ""tgi"": 165}, ""consume|高"": {""ratio"": 0.34, ""tgi"": 125}, ""consume|次高"": {""ratio"": 0.23, ""tgi"": 85}, ""consume|中"": {""ratio"": 0.12, ""tgi"": 45}, ""consume|低"": {""ratio"": 0.03, ""tgi"": 45}, ""age|41-45"": {""ratio"": 0.45, ""tgi"": 165}, ""age|0-17"": {""ratio"": 0.34, ""tgi"": 125}, ""age|18-24"": {""ratio"": 0.23, ""tgi"": 85}, ""age|25-30"": {""ratio"": 0.12, ""tgi"": 45}, ""age|31-35"": {""ratio"": 0.03, ""tgi"": 45}, ""age|36-40"": {""ratio"": 0.03, ""tgi"": 45}, ""age|46-60"": {""ratio"": 0.03, ""tgi"": 45}, ""age|61以上"": {""ratio"": 0.03, ""tgi"": 45}, ""子女年龄|无子女"": {""ratio"": 0.5, ""tgi"": 130}, ""是否有车|否"": {""ratio"": 0.45, ""tgi"": 120}, ""居住社区房价|20000-39999"": {""ratio"": 0.45, ""tgi"": 165}, ""居住社区房价|>100000"": {""ratio"": 0.34, ""tgi"": 125}, ""居住社区房价|80000-99999"": {""ratio"": 0.23, ""tgi"": 85}, ""居住社区房价|60000-79999"": {""ratio"": 0.12, ""tgi"": 45}, ""居住社区房价|40000-59999"": {""ratio"": 0.03, ""tgi"": 45}, ""居住社区房价|<20000"": {""ratio"": 0.03, ""tgi"": 45}, ""手机价格|<5000"": {""ratio"": 0.45, ""tgi"": 165}, ""手机价格|>10000"": {""ratio"": 0.34, ""tgi"": 125}, ""手机价格|9001-10000"": {""ratio"": 0.23, ""tgi"": 85}, ""手机价格|8001-9000"": {""ratio"": 0.12, ""tgi"": 45}, ""手机价格|7001-8000"": {""ratio"": 0.03, ""tgi"": 45}, ""手机价格|5001-6000"": {""ratio"": 0.03, ""tgi"": 45}, ""学历|高中及以下"": {""ratio"": 0.45, ""tgi"": 165}, ""学历|硕士"": {""ratio"": 0.34, ""tgi"": 125}, ""学历|本科"": {""ratio"": 0.23, ""tgi"": 85}, ""学历|大专"": {""ratio"": 0.12, ""tgi"": 45}, ""商场到店频次|1-3次"": {""ratio"": 0.45, ""tgi"": 165}, ""商场到店频次|11次及以上"": {""ratio"": 0.34, ""tgi"": 125}, ""商场到店频次|9-10次"": {""ratio"": 0.23, ""tgi"": 85}, ""商场到店频次|7-8次"": {""ratio"": 0.12, ""tgi"": 45}, ""商场到店频次|4-6次"": {""ratio"": 0.03, ""tgi"": 45}, ""到访偏好大类|美食"": {""ratio"": 0.6, ""tgi"": 175}, ""到访偏好大类|娱乐休闲"": {""ratio"": 0.45, ""tgi"": 155}}","APP偏好大类：社交(100%), 系统(99%), 工具(98%)；age：41-45(45%), 0-17(34%), 18-24(23%)；consume：次低(45%), 高(34%), 次高(23%)；residence：2000-5000米(35%), 0-2000米(28%), 5000-10000米(20%)；workplace：0-500米(40%), 2000-5000米(18%), 5000-10000米(12%)；关键词：大众、蓝海、传统",3,"{""brand_count"": 3, ""top_brands"": [""肯德基"", ""蜜雪冰城"", ""金逸影城""], ""category_distribution"": {""服装"": 0, ""餐饮"": 2, ""运动"": 0, ""珠宝"": 0, ""护肤化妆品"": 0, ""娱乐服务"": 1}}",0,0.0,2,0.667,1,0.333,0,0.0,0,0.0,0,0.0,5000,90000
SYN0014,上海嘉定新城汇,示例商业集团,购物中心,嘉定区白银路288号,上海,上海,嘉定区,31.382,121.256,45000,4,2016-10-01,运营中,一线,位置特征：嘉定新城居住核心。目标客群：年轻家庭、新城居民。商业配套：家庭餐饮与儿童娱乐。消费能力：中等消费，客单价100-180元。综合评价：新城家庭商业,70,72,68,63,63,"上海嘉定新城汇，上海城区。位置特征：嘉定新城居住核心。目标客群：年轻家庭、新城居民。商业配套：家庭餐饮与儿童娱乐。消费能力：中等消费，客单价100-180元。综合评价：新城家庭商业。客群画像：APP偏好大类：社交(100%), 系统(99%), 工具(98%)；age：31-35(45%), 0-17(34%), 18-24(23%)；consume：中(45%), 高(34%), 次高(23%)；residence：2000-5000米(35%), 0-2000米(28%), 5000-10000米(20%)；workplace：0-500米(40%), 2000-5000米(18%), 5000-10000米(12%)；关键词：家庭、亲子、新城","{""consume|中"": {""ratio"": 0.45, ""tgi"": 165}, ""consume|高"": {""ratio"": 0.34, ""tgi"": 125}, ""consume|次高"": {""ratio"": 0.23, ""tgi"": 85}, ""consume|次低"": {""ratio"": 0.12, ""tgi"": 45}, ""consume|低"": {""ratio"": 0.03, ""tgi"": 45}, ""age|31-35"": {""ratio"": 0.45, ""tgi"": 165}, ""age|0-17"": {""ratio"": 0.34, ""tgi"": 125}, ""age|18-24"": {""ratio"": 0.23, ""tgi"": 85}, ""age|25-30"": {""ratio"": 0.12, ""tgi"": 45}, ""age|36-40"": {""ratio"": 0.03, ""tgi"": 45}, ""age|41-45"": {""ratio"": 0.03, ""tgi"": 45}, ""age|46-60"": {""ratio"": 0.03, ""tgi"": 45}, ""age|61以上"": {""ratio"": 0.03, ""tgi"": 45}, ""子女年龄|有学龄前儿童"": {""ratio"": 0.5, ""tgi"": 130}, ""是否有车|是"": {""ratio"": 0.55, ""tgi"": 120}, ""居住社区房价|40000-59999"": {""ratio"": 0.45, ""tgi"": 165}, ""居住社区房价|>100000"": {""ratio"": 0.34, ""tgi"": 125}, ""居住社区房价|80000-99999"": {""ratio"": 0.23, ""tgi"": 85}, ""居住社区房价|60000-79999"": {""ratio"": 0.12, ""tgi"": 45}, ""居住社区房价|20000-39999"": {""ratio"": 0.03, ""tgi"": 45}, ""居住社区房价|<20000"": {""ratio"": 0.03, ""tgi"": 45}, ""手机价格|5001-6000"": {""ratio"": 0.45, ""tgi"": 165}, ""手机价格|>10000"": {""ratio"": 0.34, ""tgi"": 125}, ""手机价格|9001-10000"": {""ratio"": 0.23, ""tgi"": 85}, ""手机价格|8001-9000"": {""ratio"": 0.12, ""tgi"": 45}, ""手机价格|7001-8000"": {""ratio"": 0.03, ""tgi"": 45}, ""手机价格|<5000"": {""ratio"": 0.03, ""tgi"": 45}, ""学历|本科"": {""ratio"": 0.45, ""tgi"": 165}, ""学历|硕士"": {""ratio"": 0.34, ""tgi"": 125}, ""学历|大专"": {""ratio"": 0.23, ""tgi"": 85}, ""学历|高中及以下"": {""ratio"": 0.12, ""tgi"": 45}, ""商场到店频次|7-8次"": {""ratio"": 0.45, ""tgi"": 165}, ""商场到店频次|11次及以上"": {""ratio"": 0.34, ""tgi"": 125}, ""商场到店频次|9-10次"": {""ratio"": 0.23, ""tgi"": 85}, ""商场到店频次|4-6次"": {""ratio"": 0.12, ""tgi"": 45}, ""商场到店频次|1-3次"": {""ratio"": 0.03, ""tgi"": 45}, ""到访偏好大类|美食"": {""ratio"": 0.6, ""tgi"": 175}, ""到访偏好大类|娱乐休闲"": {""ratio"": 0.45, ""tgi"": 155}, ""到访偏好大类|教育学校"": {""ratio"": 0.3, ""tgi"": 135}}","APP偏好大类：社交(100%), 系统(99%), 工具(98%)；age：31-35(45%), 0-17(34%), 18-24(23%)；consume：中(45%), 高(34%), 次高(23%)；residence：2000-5000米(35%), 0-2000米(28%), 5000-10000米(20%)；workplace：0-500米(40%), 2000-5000米(18%), 5000-10000米(12%)；关键词：家庭、亲子、新城",14,"{""brand_count"": 14, ""top_brands"": [""海底捞"", ""西贝莜面村"", ""星巴克"", ""瑞幸咖啡"", ""肯德基"", ""外婆家"", ""万达影城"", ""大玩家"", ""泡泡玛特"", ""威尔士健身"", ""优衣库"", ""海澜之家"", ""李宁"", ""安踏""], ""category_distribution"": {""服装"": 2, ""餐饮"": 6, ""运动"": 2, ""珠宝"": 0, ""护肤化妆品"": 0, ""娱乐服务"": 4}}",2,0.143,6,0.429,4,0.286,0,0.0,0,0.0,2,0.143,12000,220000
SYN0015,上海徐汇滨江one,示例商业集团,购物中心,徐汇区龙腾大道2888号,上海,上海,徐汇区,31.182,121.461,90000,6,2022-09-30,运营中,一线,位置特征：徐汇滨江西岸艺术带。目标客群：高消费年轻人群、运动爱好者。商业配套：高端运动与艺术商业。消费能力：高消费，客单价250-450元。综合评价：滨江运动艺术地标,91,93,89,84,70,"上海徐汇滨江one，上海城区。位置特征：徐汇滨江西岸艺术带。目标客群：高消费年轻人群、运动爱好者。商业配套：高端运动与艺术商业。消费能力：高消费，客单价250-450元。综合评价：滨江运动艺术地标。客群画像：APP偏好大类：社交(100%), 系统(99%), 工具(98%)；age：25-30(45%), 0-17(34%), 18-24(23%)；consume：高(45%), 次高(34%), 中(23%)；residence：2000-5000米(35%), 0-2000米(28%), 5000-10000米(20%)；workplace：0-500米(40%), 2000-5000米(18%), 5000-10000米(12%)；关键词：高消费、年轻、运动、白领","{""consume|高"": {""ratio"": 0.45, ""tgi"": 165}, ""consume|次高"": {""ratio"": 0.34, ""tgi"": 125}, ""consume|中"": {""ratio"": 0.23, ""tgi"": 85}, ""consume|次低"": {""ratio"": 0.12, ""tgi"": 45}, ""consume|低"": {""ratio"": 0.03, ""tgi"": 45}, ""age|25-30"": {""ratio"": 0.45, ""tgi"": 165}, ""age|0-17"": {""ratio"": 0.34, ""tgi"": 125}, ""age|18-24"": {""ratio"": 0.23, ""tgi"": 85}, ""age|31-35"": {""ratio"": 0.12, ""tgi"": 45}, ""age|36-40"": {""ratio"": 0.03, ""tgi"": 45}, ""age|41-45"": {""ratio"": 0.03, ""tgi"": 45}, ""age|46-60"": {""ratio"": 0.03, ""tgi"": 45}, ""age|61以上"": {""ratio"": 0.03, ""tgi"": 45}, ""子女年龄|无子女"": {""ratio"": 0.5, ""tgi"": 130}, ""是否有车|是"": {""ratio"": 0.55, ""tgi"": 120}, ""居住社区房价|80000-99999"": {""ratio"": 0.45, ""tgi"": 165}, ""居住社区房价|>100000"": {""ratio"": 0.34, ""tgi"": 125}, ""居住社区房价|60000-79999"": {""ratio"": 0.23, ""tgi"": 85}, ""居住社区房价|40000-59999"": {""ratio"": 0.12, ""tgi"": 45}, ""居住社区房价|20000-39999"": {""ratio"": 0.03, ""tgi"": 45}, ""居住社区房价|<20000"": {""ratio"": 0.03, ""tgi"": 45}, ""手机价格|8001-9000"": {""ratio"": 0.45, ""tgi"": 165}, ""手机价格|>10000"": {""ratio"": 0.34, ""tgi"": 125}, ""手机价格|9001-10000"": {""ratio"": 0.23, ""tgi"": 85}, ""手机价格|7001-8000"": {""ratio"": 0.12, ""tgi"": 45}, ""手机价格|5001-6000"": {""ratio"": 0.03, ""tgi"": 45}, ""手机价格|<5000"": {""ratio"": 0.03, ""tgi"": 45}, ""学历|硕士"": {""ratio"": 0.45, ""tgi"": 165}, ""学历|本科"": {""ratio"": 0.34, ""tgi"": 125}, ""学历|大专"": {""ratio"": 0.23, ""tgi"": 85}, ""学历|高中及以下"": {""ratio"": 0.12, ""tgi"": 45}, ""商场到店频次|7-8次"": {""ratio"": 0.45, ""tgi"": 165}, ""商场到店频次|11次及以上"": {""ratio"": 0.34, ""tgi"": 125}, ""商场到店频次|9-10次"": {""ratio"": 0.23, ""tgi"": 85}, ""商场到店频次|4-6次"": {""ratio"": 0.12, ""tgi"": 45}, ""商场到店频次|1-3次"": {""ratio"": 0.03, ""tgi"": 45}, ""到访偏好大类|运动健身"": {""ratio"": 0.6, ""tgi"": 175}, ""到访偏好大类|购物"": {""ratio"": 0.45, ""tgi"": 155}, ""到访偏好大类|美食"": {""ratio"": 0.3, ""tgi"": 135}}","APP偏好大类：社交(100%), 系统(99%), 工具(98%)；age：25-30(45%), 0-17(34%), 18-24(23%)；consume：高(45%), 次高(34%), 中(23%)；residence：2000-5000米(35%), 0-2000米(28%), 5000-10000米(20%)；workplace：0-500米(40%), 2000-5000米(18%), 5000-10000米(12%)；关键词：高消费、年轻、运动、白领",16,"{""brand_count"": 16, ""top_brands"": [""lululemon"", ""耐克"", ""阿迪达斯"", ""迪卡侬"", ""斐乐"", ""兰蔻"", ""丝芙兰"", ""完美日记"", ""星巴克"", ""Manner"", ""喜茶"", ""太二酸菜鱼"", ""优衣库"", ""UR"", ""超级猩猩"", ""威尔士健身""], ""category_distribution"": {""服装"": 2, ""餐饮"": 4, ""运动"": 5, ""珠宝"": 0, ""护肤化妆品"": 3, ""娱乐服务"": 2}}",2,0.125,4,0.25,2,0.125,0,0.0,3,0.188,5,0.312,22000,680000
SYN0016,上海陆家嘴中庭,示例商业集团,购物中心,浦东新区陆家嘴环路1000号,上海,上海,浦东新区,31.239,121.5,120000,9,2015-01-01,运营中,一线,位置特征：陆家嘴核心，顶级商业位置。目标客群：高净值人群、国际商务客群。商业配套：顶级奢侈品集群。消费能力：极高消费能力，客单价400-800元，周边房价15-20万/㎡。综合评价：顶级奢侈品旗舰商业,97,99,95,90,67,"上海陆家嘴中庭，上海城区。位置特征：陆家嘴核心，顶级商业位置。目标客群：高净值人群、国际商务客群。商业配套：顶级奢侈品集群。消费能力：极高消费能力，客单价400-800元，周边房价15-20万/㎡。综合评价：顶级奢侈品旗舰商业。客群画像：APP偏好大类：社交(100%), 系统(99%), 工具(98%)；age：31-35(45%), 0-17(34%), 18-24(23%)；consume：高(45%), 次高(34%), 中(23%)；residence：2000-5000米(35%), 0-2000米(28%), 5000-10000米(20%)；workplace：0-500米(40%), 2000-5000米(18%), 5000-10000米(12%)；关键词：高净值、奢侈品、金融","{""consume|高"": {""ratio"": 0.45, ""tgi"": 165}, ""consume|次高"": {""ratio"": 0.34, ""tgi"": 125}, ""consume|中"": {""ratio"": 0.23, ""tgi"": 85}, ""consume|次低"": {""ratio"": 0.12, ""tgi"": 45}, ""consume|低"": {""ratio"": 0.03, ""tgi"": 45}, ""age|31-35"": {""ratio"": 0.45, ""tgi"": 165}, ""age|0-17"": {""ratio"": 0.34, ""tgi"": 125}, ""age|18-24"": {""ratio"": 0.23, ""tgi"": 85}, ""age|25-30"": {""ratio"": 0.12, ""tgi"": 45}, ""age|36-40"": {""ratio"": 0.03, ""tgi"": 45}, ""age|41-45"": {""ratio"": 0.03, ""tgi"": 45}, ""age|46-60"": {""ratio"": 0.03, ""tgi"": 45}, ""age|61以上"": {""ratio"": 0.03, ""tgi"": 45}, ""子女年龄|无子女"": {""ratio"": 0.5, ""tgi"": 130}, ""是否有车|是"": {""ratio"": 0.55, ""tgi"": 120}, ""居住社区房价|>100000"": {""ratio"": 0.45, ""tgi"": 165}, ""居住社区房价|80000-99999"": {""ratio"": 0.34, ""tgi"": 125}, ""居住社区房价|60000-79999"": {""ratio"": 0.23, ""tgi"": 85}, ""居住社区房价|40000-59999"": {""ratio"": 0.12, ""tgi"": 45}, ""居住社区房价|20000-39999"": {""ratio"": 0.03, ""tgi"": 45}, ""居住社区房价|<20000"": {""ratio"": 0.03, ""tgi"": 45}, ""手机价格|>10000"": {""ratio"": 0.45, ""tgi"": 165}, ""手机价格|9001-10000"": {""ratio"": 0.34, ""tgi"": 125}, ""手机价格|8001-9000"": {""ratio"": 0.23, ""tgi"": 85}, ""手机价格|7001-8000"": {""ratio"": 0.12, ""tgi"": 45}, ""手机价格|5001-6000"": {""ratio"": 0.03, ""tgi"": 45}, ""手机价格|<5000"": {""ratio"": 0.03, ""tgi"": 45}, ""学历|硕士"": {""ratio"": 0.45, ""tgi"": 165}, ""学历|本科"": {""ratio"": 0.34, ""tgi"": 125}, ""学历|大专"": {""ratio"": 0.23, ""tgi"": 85}, ""学历|高中及以下"": {""ratio"": 0.12, ""tgi"": 45}, ""商场到店频次|1-3次"": {""ratio"": 0.45, ""tgi"": 165}, ""商场到店频次|11次及以上"": {""ratio"": 0.34, ""tgi"": 125}, ""商场到店频次|9-10次"": {""ratio"": 0.23, ""tgi"": 85}, ""商场到店频次|7-8次"": {""ratio"": 0.12, ""tgi"": 45}, ""商场到店频次|4-6次"": {""ratio"": 0.03, ""tgi"": 45}, ""到访偏好大类|购物"": {""ratio"": 0.6, ""tgi"": 175}, ""到访偏好大类|旅游景点"": {""ratio"": 0.45, ""tgi"": 155}, ""到访偏好大类|美食"": {""ratio"": 0.3, ""tgi"": 135}}","APP偏好大类：社交(100%), 系统(99%), 工具(98%)；age：31-35(45%), 0-17(34%), 18-24(23%)；consume：高(45%), 次高(34%), 中(23%)；residence：2000-5000米(35%), 0-2000米(28%), 5000-10000米(20%)；workplace：0-500米(40%), 2000-5000米(18%), 5000-10000米(12%)；关键词：高净值、奢侈品、金融",16,"{""brand_count"": 16, ""top_brands"": [""卡地亚"", ""蒂芙尼"", ""宝格丽"", ""周大福"", ""周生生"", ""兰蔻"", ""雅诗兰黛"", ""SK-II"", ""资生堂"", ""丝芙兰"", ""ZARA"", ""H&M"", ""星巴克"", ""喜茶"", ""Manner"", ""威尔士健身""], ""category_distribution"": {""服装"": 2, ""餐饮"": 3, ""运动"": 0, ""珠宝"": 5, ""护肤化妆品"": 5, ""娱乐服务"": 1}}",2,0.125,3,0.188,1,0.062,5,0.312,5,0.312,0,0.0,18000,1500000
SYN0017,上海古北里,示例商业集团,购物中心,长宁区黄金城道688号,上海,上海,长宁区,31.213,121.398,40000,4,2018-11-18,运营中,一线,位置特征：古北国际社区。目标客群：高收入家庭、外籍人士。商业配套：珠宝美妆与精品餐饮。消费能力：高消费，客单价250-400元。综合评价：国际社区精品商业,85,87,83,78,62,"上海古北里，上海城区。位置特征：古北国际社区。目标客群：高收入家庭、外籍人士。商业配套：珠宝美妆与精品餐饮。消费能力：高消费，客单价250-400元。综合评价：国际社区精品商业。客群画像：APP偏好大类：社交(100%), 系统(99%), 工具(98%)；age：36-40(45%), 0-17(34%), 18-24(23%)；consume：高(45%), 次高(34%), 中(23%)；residence：2000-5000米(35%), 0-2000米(28%), 5000-10000米(20%)；workplace：0-500米(40%), 2000-5000米(18%), 5000-10000米(12%)；关键词：高收入、家庭、国际","{""consume|高"": {""ratio"": 0.45, ""tgi"": 165}, ""consume|次高"": {""ratio"": 0.34, ""tgi"": 125}, ""consume|中"": {""ratio"": 0.23, ""tgi"": 85}, ""consume|次低"": {""ratio"": 0.12, ""tgi"": 45}, ""consume|低"": {""ratio"": 0.03, ""tgi"": 45}, ""age|36-40"": {""ratio"": 0.45, ""tgi"": 165}, ""age|0-17"": {""ratio"": 0.34, ""tgi"": 125}, ""age|18-24"": {""ratio"": 0.23, ""tgi"": 85}, ""age|25-30"": {""ratio"": 0.12, ""tgi"": 45}, ""age|31-35"": {""ratio"": 0.03, ""tgi"": 45}, ""age|41-45"": {""ratio"": 0.03, ""tgi"": 45}, ""age|46-60"": {""ratio"": 0.03, ""tgi"": 45}, ""age|61以上"": {""ratio"": 0.03, ""tgi"": 45}, ""子女年龄|有学龄儿童"": {""ratio"": 0.5, ""tgi"": 130}, ""是否有车|是"": {""ratio"": 0.55, ""tgi"": 120}, ""居住社区房价|80000-99999"": {""ratio"": 0.45, ""tgi"": 165}, ""居住社区房价|>100000"": {""ratio"": 0.34, ""tgi"": 125}, ""居住社区房价|60000-79999"": {""ratio"": 0.23, ""tgi"": 85}, ""居住社区房价|40000-59999"": {""ratio"": 0.12, ""tgi"": 45}, ""居住社区房价|20000-39999"": {""ratio"": 0.03, ""tgi"": 45}, ""居住社区房价|<20000"": {""ratio"": 0.03, ""tgi"": 45}, ""手机价格|8001-9000"": {""ratio"": 0.45, ""tgi"": 165}, ""手机价格|>10000"": {""ratio"": 0.34, ""tgi"": 125}, ""手机价格|9001-10000"": {""ratio"": 0.23, ""tgi"": 85}, ""手机价格|7001-8000"": {""ratio"": 0.12, ""tgi"": 45}, ""手机价格|5001-6000"": {""ratio"": 0.03, ""tgi"": 45}, ""手机价格|<5000"": {""ratio"": 0.03, ""tgi"": 45}, ""学历|硕士"": {""ratio"": 0.45, ""tgi"": 165}, ""学历|本科"": {""ratio"": 0.34, ""tgi"": 125}, ""学历|大专"": {""ratio"": 0.23, ""tgi"": 85}, ""学历|高中及以下"": {""ratio"": 0.12, ""tgi"": 45}, ""商场到店频次|4-6次"": {""ratio"": 0.45, ""tgi"": 165}, ""商场到店频次|11次及以上"": {""ratio"": 0.34, ""tgi"": 125}, ""商场到店频次|9-10次"": {""ratio"": 0.23, ""tgi"": 85}, ""商场到店频次|7-8次"": {""ratio"": 0.12, ""tgi"": 45}, ""商场到店频次|1-3次"": {""ratio"": 0.03, ""tgi"": 45}, ""到访偏好大类|购物"": {""ratio"": 0.6, ""tgi"": 175}, ""到访偏好大类|美食"": {""ratio"": 0.45, ""tgi"": 155}, ""到访偏好大类|教育学校"": {""ratio"": 0.3, ""tgi"": 135}}","APP偏好大类：社交(100%), 系统(99%), 工具(98%)；age：36-40(45%), 0-17(34%), 18-24(23%)；consume：高(45%), 次高(34%), 中(23%)；residence：2000-5000米(35%), 0-2000米(28%), 5000-10000米(20%)；workplace：0-500米(40%), 2000-5000米(18%), 5000-10000米(12%)；关键词：高收入、家庭、国际",13,"{""brand_count"": 13, ""top_brands"": [""周大福"", ""周生生"", ""卡地亚"", ""雅诗兰黛"", ""资生堂"", ""兰蔻"", ""丝芙兰"", ""星巴克"", ""喜茶"", ""西贝莜面村"", ""优衣库"", ""ZARA"", ""威尔士健身""], ""category_distribution"": {""服装"": 2, ""餐饮"": 3, ""运动"": 0, ""珠宝"": 3, ""护肤化妆品"": 4, ""娱乐服务"": 1}}",2,0.154,3,0.231,1,0.077,3,0.231,4,0.308,0,0.0,11000,350000
SYN0018,上海七宝万科汇,示例商业集团,购物中心,闵行区漕宝路3366号,上海,上海,闵行区,31.159,121.349,100000,6,2016-12-16,运营中,一线,位置特征：七宝商圈核心。目标客群：家庭客群、周边居民。商业配套：家庭餐饮与亲子娱乐。消费能力：中等消费，客单价120-200元。综合评价：人气家庭购物中心,72,74,70,65,76,"上海七宝万科汇，上海城区。位置特征：七宝商圈核心。目标客群：家庭客群、周边居民。商业配套：家庭餐饮与亲子娱乐。消费能力：中等消费，客单价120-200元。综合评价：人气家庭购物中心。客群画像：APP偏好大类：社交(100%), 系统(99%), 工具(98%)；age：31-35(45%), 0-17(34%), 18-24(23%)；consume：中(45%), 高(34%), 次高(23%)；residence：2000-5000米(35%), 0-2000米(28%), 5000-10000米(20%)；workplace：0-500米(40%), 2000-5000米(18%), 5000-10000米(12%)；关键词：家庭、亲子、儿童","{""consume|中"": {""ratio"": 0.45, ""tgi"": 165}, ""consume|高"": {""ratio"": 0.34, ""tgi"": 125}, ""consume|次高"": {""ratio"": 0.23, ""tgi"": 85}, ""consume|次低"": {""ratio"": 0.12, ""tgi"": 45}, ""consume|低"": {""ratio"": 0.03, ""tgi"": 45}, ""age|31-35"": {""ratio"": 0.45, ""tgi"": 165}, ""age|0-17"": {""ratio"": 0.34, ""tgi"": 125}, ""age|18-24"": {""ratio"": 0.23, ""tgi"": 85}, ""age|25-30"": {""ratio"": 0.12, ""tgi"": 45}, ""age|36-40"": {""ratio"": 0.03, ""tgi"": 45}, ""age|41-45"": {""ratio"": 0.03, ""tgi"": 45}, ""age|46-60"": {""ratio"": 0.03, ""tgi"": 45}, ""age|61以上"": {""ratio"": 0.03, ""tgi"": 45}, ""子女年龄|有学龄前儿童"": {""ratio"": 0.5, ""tgi"": 130}, ""是否有车|是"": {""ratio"": 0.55, ""tgi"": 120}, ""居住社区房价|40000-59999"": {""ratio"": 0.45, ""tgi"": 165}, ""居住社区房价|>100000"": {""ratio"": 0.34, ""tgi"": 125}, ""居住社区房价|80000-99999"": {""ratio"": 0.23, ""tgi"": 85}, ""居住社区房价|60000-79999"": {""ratio"": 0.12, ""tgi"": 45}, ""居住社区房价|20000-39999"": {""ratio"": 0.03, ""tgi"": 45}, ""居住社区房价|<20000"": {""ratio"": 0.03, ""tgi"": 45}, ""手机价格|5001-6000"": {""ratio"": 0.45, ""tgi"": 165}, ""手机价格|>10000"": {""ratio"": 0.34, ""tgi"": 125}, ""手机价格|9001-10000"": {""ratio"": 0.23, ""tgi"": 85}, ""手机价格|8001-9000"": {""ratio"": 0.12, ""tgi"": 45}, ""手机价格|7001-8000"": {""ratio"": 0.03, ""tgi"": 45}, ""手机价格|<5000"": {""ratio"": 0.03, ""tgi"": 45}, ""学历|本科"": {""ratio"": 0.45, ""tgi"": 165}, ""学历|硕士"": {""ratio"": 0.34, ""tgi"": 125}, ""学历|大专"": {""ratio"": 0.23, ""tgi"": 85}, ""学历|高中及以下"": {""ratio"": 0.12, ""tgi"": 45}, ""商场到店频次|9-10次"": {""ratio"": 0.45, ""tgi"": 165}, ""商场到店频次|11次及以上"": {""ratio"": 0.34, ""tgi"": 125}, ""商场到店频次|7-8次"": {""ratio"": 0.23, ""tgi"": 85}, ""商场到店频次|4-6次"": {""ratio"": 0.12, ""tgi"": 45}, ""商场到店频次|1-3次"": {""ratio"": 0.03, ""tgi"": 45}, ""到访偏好大类|美食"": {""ratio"": 0.6, ""tgi"": 175}, ""到访偏好大类|娱乐休闲"": {""ratio"": 0.45, ""tgi"": 155}, ""到访偏好大类|教育学校"": {""ratio"": 0.3, ""tgi"": 135}}","APP偏好大类：社交(100%), 系统(99%), 工具(98%)；age：31-35(45%), 0-17(34%), 18-24(23%)；consume：中(45%), 高(34%), 次高(23%)；residence：2000-5000米(35%), 0-2000米(28%), 5000-10000米(20%)；workplace：0-500米(40%), 2000-5000米(18%), 5000-10000米(12%)；关键词：家庭、亲子、儿童",20,"{""brand_count"": 20, ""top_brands"": [""海底捞"", ""西贝莜面村"", ""外婆家"", ""肯德基"", ""麦当劳"", ""星巴克"", ""喜茶"", ""蜜雪冰城"", ""万达影城"", ""大玩家"", ""泡泡玛特"", ""威尔士健身"", ""金逸影城"", ""优衣库"", ""UR"", ""太平鸟"", ""海澜之家"", ""耐克"", ""李宁"", ""安踏""], ""category_distribution"": {""服装"": 4, ""餐饮"": 8, ""运动"": 3, ""珠宝"": 0, ""护肤化妆品"": 0, ""娱乐服务"": 5}}",4,0.2,8,0.4,5,0.25,0,0.0,0,0.0,3,0.15,32000,580000
SYN0019,上海青浦吾悦广场,示例商业集团,购物中心,青浦区淀山湖大道851号,上海,上海,青浦区,31.15,121.122,72000,4,2017-01-21,运营中,一线,位置特征：青浦城区居住板块。目标客群：本地居民。商业配套：大众零售，品牌较少。消费能力：大众消费，客单价80-130元。综合评价：品牌较少的蓝海商场,66,68,64,60,60,"上海青浦吾悦广场，上海城区。位置特征：青浦城区居住板块。目标客群：本地居民。商业配套：大众零售，品牌较少。消费能力：大众消费，客单价80-130元。综合评价：品牌较少的蓝海商场。客群画像：APP偏好大类：社交(100%), 系统(99%), 工具(98%)；age：36-40(45%), 0-17(34%), 18-24(23%)；consume：次低(45%), 高(34%), 次高(23%)；residence：2000-5000米(35%), 0-2000米(28%), 5000-10000米(20%)；workplace：0-500米(40%), 2000-5000米(18%), 5000-10000米(12%)；关键词：大众、蓝海","{""consume|次低"": {""ratio"": 0.45, ""tgi"": 165}, ""consume|高"": {""ratio"": 0.34, ""tgi"": 125}, ""consume|次高"": {""ratio"": 0.23, ""tgi"": 85}, ""consume|中"": {""ratio"": 0.12, ""tgi"": 45}, ""consume|低"": {""ratio"": 0.03, ""tgi"": 45}, ""age|36-40"": {""ratio"": 0.45, ""tgi"": 165}, ""age|0-17"": {""ratio"": 0.34, ""tgi"": 125}, ""age|18-24"": {""ratio"": 0.23, ""tgi"": 85}, ""age|25-30"": {""ratio"": 0.12, ""tgi"": 45}, ""age|31-35"": {""ratio"": 0.03, ""tgi"": 45}, ""age|41-45"": {""ratio"": 0.03, ""tgi"": 45}, ""age|46-60"": {""ratio"": 0.03, ""tgi"": 45}, ""age|61以上"": {""ratio"": 0.03, ""tgi"": 45}, ""子女年龄|无子女"": {""ratio"": 0.5, ""tgi"": 130}, ""是否有车|否"": {""ratio"": 0.45, ""tgi"": 120}, ""居住社区房价|20000-39999"": {""ratio"": 0.45, ""tgi"": 165}, ""居住社区房价|>100000"": {""ratio"": 0.34, ""tgi"": 125}, ""居住社区房价|80000-99999"": {""ratio"": 0.23, ""tgi"": 85}, ""居住社区房价|60000-79999"": {""ratio"": 0.12, ""tgi"": 45}, ""居住社区房价|40000-59999"": {""ratio"": 0.03, ""tgi"": 45}, ""居住社区房价|<20000"": {""ratio"": 0.03, ""tgi"": 45}, ""手机价格|<5000"": {""ratio"": 0.45, ""tgi"": 165}, ""手机价格|>10000"": {""ratio"": 0.34, ""tgi"": 125}, ""手机价格|9001-10000"": {""ratio"": 0.23, ""tgi"": 85}, ""手机价格|8001-9000"": {""ratio"": 0.12, ""tgi"": 45}, ""手机价格|7001-8000"": {""ratio"": 0.03, ""tgi"": 45}, ""手机价格|5001-6000"": {""ratio"": 0.03, ""tgi"": 45}, ""学历|大专"": {""ratio"": 0.45, ""tgi"": 165}, ""学历|硕士"": {""ratio"": 0.34, ""tgi"": 125}, ""学历|本科"": {""ratio"": 0.23, ""tgi"": 85}, ""学历|高中及以下"": {""ratio"": 0.12, ""tgi"": 45}, ""商场到店频次|4-6次"": {""ratio"": 0.45, ""tgi"": 165}, ""商场到店频次|11次及以上"": {""ratio"": 0.34, ""tgi"": 125}, ""商场到店频次|9-10次"": {""ratio"": 0.23, ""tgi"": 85}, ""商场到店频次|7-8次"": {""ratio"": 0.12, ""tgi"": 45}, ""商场到店频次|1-3次"": {""ratio"": 0.03, ""tgi"": 45}, ""到访偏好大类|美食"": {""ratio"": 0.6, ""tgi"": 175}, ""到访偏好大类|娱乐休闲"": {""ratio"": 0.45, ""tgi"": 155}}","APP偏好大类：社交(100%), 系统(99%), 工具(98%)；age：36-40(45%), 0-17(34%), 18-24(23%)；consume：次低(45%), 高(34%), 次高(23%)；residence：2000-5000米(35%), 0-2000米(28%), 5000-10000米(20%)；workplace：0-500米(40%), 2000-5000米(18%), 5000-10000米(12%)；关键词：大众、蓝海",6,"{""brand_count"": 6, ""top_brands"": [""肯德基"", ""麦当劳"", ""蜜雪冰城"", ""海澜之家"", ""金逸影城"", ""星聚会KTV""], ""category_distribution"": {""服装"": 1, ""餐饮"": 3, ""运动"": 0, ""珠宝"": 0, ""护肤化妆品"": 0, ""娱乐服务"": 2}}",1,0.167,3,0.5,2,0.333,0,0.0,0,0.0,0,0.0,8000,160000
SYN0020,上海临港新城里,示例商业集团,购物中心,浦东新区南汇新城镇申港大道200号,上海,上海,浦东新区,30.894,121.914,65000,4,2019-06-06,运营中,一线,位置特征：临港新城，远郊新兴区域。目标客群：新城居民、产业工人。商业配套：基础零售，品牌较少。消费能力：大众消费，客单价60-100元。综合评价：远郊蓝海商场,60,62,58,60,57,"上海临港新城里，上海城区。位置特征：临港新城，远郊新兴区域。目标客群：新城居民、产业工人。商业配套：基础零售，品牌较少。消费能力：大众消费，客单价60-100元。综合评价：远郊蓝海商场。客群画像：APP偏好大类：社交(100%), 系统(99%), 工具(98%)；age：31-35(45%), 0-17(34%), 18-24(23%)；consume：低(45%), 高(34%), 次高(23%)；residence：2000-5000米(35%), 0-2000米(28%), 5000-10000米(20%)；workplace：0-500米(40%), 2000-5000米(18%), 5000-10000米(12%)；关键词：大众、蓝海、远郊","{""consume|低"": {""ratio"": 0.45, ""tgi"": 165}, ""consume|高"": {""ratio"": 0.34, ""tgi"": 125}, ""consume|次高"": {""ratio"": 0.23, ""tgi"": 85}, ""consume|中"": {""ratio"": 0.12, ""tgi"": 45}, ""consume|次低"": {""ratio"": 0.03, ""tgi"": 45}, ""age|31-35"": {""ratio"": 0.45, ""tgi"": 165}, ""age|0-17"": {""ratio"": 0.34, ""tgi"": 125}, ""age|18-24"": {""ratio"": 0.23, ""tgi"": 85}, ""age|25-30"": {""ratio"": 0.12, ""tgi"": 45}, ""age|36-40"": {""ratio"": 0.03, ""tgi"": 45}, ""age|41-45"": {""ratio"": 0.03, ""tgi"": 45}, ""age|46-60"": {""ratio"": 0.03, ""tgi"": 45}, ""age|61以上"": {""ratio"": 0.03, ""tgi"": 45}, ""子女年龄|无子女"": {""ratio"": 0.5, ""tgi"": 130}, ""是否有车|否"": {""ratio"": 0.45, ""tgi"": 120}, ""居住社区房价|<20000"": {""ratio"": 0.45, ""tgi"": 165}, ""居住社区房价|>100000"": {""ratio"": 0.34, ""tgi"": 125}, ""居住社区房价|80000-99999"": {""ratio"": 0.23, ""tgi"": 85}, ""居住社区房价|60000-79999"": {""ratio"": 0.12, ""tgi"": 45}, ""居住社区房价|40000-59999"": {""ratio"": 0.03, ""tgi"": 45}, ""居住社区房价|20000-39999"": {""ratio"": 0.03, ""tgi"": 45}, ""手机价格|<5000"": {""ratio"": 0.45, ""tgi"": 165}, ""手机价格|>10000"": {""ratio"": 0.34, ""tgi"": 125}, ""手机价格|9001-10000"": {""ratio"": 0.23, ""tgi"": 85}, ""手机价格|8001-9000"": {""ratio"": 0.12, ""tgi"": 45}, ""手机价格|7001-8000"": {""ratio"": 0.03, ""tgi"": 45}, ""手机价格|5001-6000"": {""ratio"": 0.03, ""tgi"": 45}, ""学历|大专"": {""ratio"": 0.45, ""tgi"": 165}, ""学历|硕士"": {""ratio"": 0.34, ""tgi"": 125}, ""学历|本科"": {""ratio"": 0.23, ""tgi"": 85}, ""学历|高中及以下"": {""ratio"": 0.12, ""tgi"": 45}, ""商场到店频次|1-3次"": {""ratio"": 0.45, ""tgi"": 165}, ""商场到店频次|11次及以上"": {""ratio"": 0.34, ""tgi"": 125}, ""商场到店频次|9-10次"": {""ratio"": 0.23, ""tgi"": 85}, ""商场到店频次|7-8次"": {""ratio"": 0.12, ""tgi"": 45}, ""商场到店频次|4-6次"": {""ratio"": 0.03, ""tgi"": 45}, ""到访偏好大类|美食"": {""ratio"": 0.6, ""tgi"": 175}, ""到访偏好大类|娱乐休闲"": {""ratio"": 0.45, ""tgi"": 155}}","APP偏好大类：社交(100%), 系统(99%), 工具(98%)；age：31-35(45%), 0-17(34%), 18-24(23%)；consume：低(45%), 高(34%), 次高(23%)；residence：2000-5000米(35%), 0-2000米(28%), 5000-10000米(20%)；workplace：0-500米(40%), 2000-5000米(18%), 5000-10000米(12%)；关键词：大众、蓝海、远郊",3,"{""brand_count"": 3, ""top_brands"": [""肯德基"", ""蜜雪冰城"", ""金逸影城""], ""category_distribution"": {""服装"": 0, ""餐饮"": 2, ""运动"": 0, ""珠宝"": 0, ""护肤化妆品"": 0, ""娱乐服务"": 1}}",0,0.0,2,0.667,1,0.333,0,0.0,0,0.0,0,0.0,3500,80000
